"neuron_id","isi_index","isi_sec"
"N01",1,0.234590107564557
"N01",2,0.0431582638411783
"N01",3,0.185833762156519
"N01",4,0.0114374266122468
"N01",5,0.215879419889304
"N01",6,0.00669554655905813
"N01",7,0.0675453282892704
"N01",8,0.0135144914384
"N01",9,0.0713798012584448
"N01",10,0.394191740991032
"N01",11,0.0566966803162359
"N01",12,0.0489365602261387
"N01",13,0.0454121803049929
"N01",14,0.0189918049277707
"N01",15,0.10381460468691
"N01",16,0.135969423153475
"N01",17,0.086637832922861
"N01",18,0.0682185839900637
"N01",19,0.0667686286615208
"N01",20,0.190174347244877
"N01",21,0.288599525795397
"N01",22,0.0115260494640097
"N01",23,0.0744744096300565
"N01",24,0.102168391802685
"N01",25,0.0462279688217677
"N01",26,0.0294888039934449
"N01",27,0.0434348117560148
"N01",28,0.233470250376242
"N01",29,0.0788449701503851
"N01",30,0.0387472897899645
"N01",31,0.380647872553623
"N01",32,0.0958478288905338
"N01",33,0.0230825783219188
"N01",34,0.0722790468134917
"N01",35,0.10313890419841
"N01",36,0.0143400594824925
"N01",37,0.144984650753795
"N01",38,0.0465748594142497
"N01",39,0.329256445386526
"N01",40,0.0666854494484141
"N01",41,0.298791545194653
"N01",42,0.172838845517823
"N01",43,0.146615454448253
"N01",44,0.151263706814491
"N01",45,0.00220849388279021
"N01",46,0.365192781057391
"N01",47,0.449422579930917
"N01",48,0.166436764289962
"N01",49,0.211033045536581
"N01",50,0.466091706158415
"N01",51,0.503666250707403
"N01",52,0.0543874438735656
"N01",53,0.202349252289835
"N01",54,0.261254556224178
"N01",55,0.115247328178363
"N01",56,0.129094512895086
"N01",57,0.00409282778855413
"N01",58,0.0188379649442965
"N01",59,0.0766244984115474
"N01",60,0.125332164340058
"N01",61,0.101782087083623
"N01",62,0.0591839461703785
"N01",63,0.0227553049917333
"N01",64,0.0584142286679707
"N01",65,0.0114461873081498
"N01",66,0.058613010623958
"N01",67,0.225784784405235
"N01",68,0.12251953033014
"N01",69,0.336889003620562
"N01",70,0.356223916460148
"N01",71,0.273270379037675
"N01",72,0.00733705650782213
"N01",73,0.150185154629277
"N01",74,0.0105324249598198
"N01",75,0.214122230192905
"N01",76,0.32551944789764
"N01",77,0.153757203015836
"N01",78,0.043224468070548
"N01",79,0.116215610410634
"N01",80,0.00432307915576358
"N01",81,0.0910485194893845
"N01",82,0.140210716048592
"N01",83,0.0762660807231441
"N01",84,0.00219076551729813
"N01",85,0.186267432513389
"N01",86,0.0110859986161813
"N01",87,0.0268999575428297
"N01",88,0.17415088452225
"N01",89,0.0145775273641286
"N01",90,0.154751141783187
"N01",91,0.0239905366615372
"N01",92,0.21307531727038
"N01",93,0.13683793239236
"N01",94,0.0257733807084151
"N01",95,0.0744344699196517
"N01",96,0.0442660506232642
"N01",97,0.0136464750976302
"N01",98,0.0134909619227983
"N01",99,0.0803311810595915
"N01",100,0.12552818247989
"N01",101,0.41638137447381
"N01",102,0.0870015813392021
"N01",103,0.0466052678530104
"N01",104,0.26241145848199
"N01",105,0.0652070546639152
"N01",106,0.0176566505688243
"N01",107,0.0216837401385419
"N01",108,0.147627138876693
"N01",109,0.0200732169720905
"N01",110,0.0242858671117574
"N01",111,0.604692696096534
"N01",112,0.131667594303714
"N01",113,0.0879580433195099
"N01",114,0.0603080849046506
"N01",115,0.0623791265903443
"N01",116,0.0361943514435552
"N01",117,0.00226281235961707
"N01",118,0.128445672093305
"N01",119,0.027903170848731
"N01",120,0.23856279089928
"N01",121,0.467606807799831
"N01",122,0.234471220978278
"N01",123,0.0981882520665989
"N01",124,0.0381652559153736
"N01",125,0.019079232646618
"N01",126,0.114101216773839
"N01",127,0.00695829753843636
"N01",128,0.0921905838061252
"N01",129,0.0666527180583216
"N01",130,0.18995089525238
"N01",131,0.00505202022963097
"N01",132,0.363637398906723
"N01",133,0.134434766241143
"N01",134,0.165164809086697
"N01",135,0.136263378424907
"N01",136,0.082736915428171
"N01",137,0.0329865455860272
"N01",138,0.0773824415518902
"N01",139,0.907695887092144
"N01",140,0.226501759249188
"N01",141,0.045923518599011
"N01",142,0.114242372563446
"N01",143,0.181198786235157
"N01",144,0.0669932643770506
"N01",145,0.499509954669836
"N01",146,0.112020253431389
"N01",147,0.132327056135388
"N01",148,0.00720215780893341
"N01",149,0.0889058428371979
"N01",150,0.625317512276146
"N01",151,0.13185735255886
"N01",152,0.12943261290841
"N01",153,0.0288564711567596
"N01",154,0.111810567434283
"N01",155,0.208829110679071
"N01",156,0.017009507631883
"N01",157,0.165008438163774
"N01",158,0.0762383877881803
"N01",159,0.0263879640842788
"N01",160,0.0325506846420467
"N01",161,0.115828853328118
"N01",162,0.0131251811765458
"N01",163,0.0637243484379724
"N01",164,0.000759269052650779
"N01",165,0.0391040028189309
"N01",166,0.389449351446188
"N01",167,0.216828590015623
"N01",168,0.205575511081818
"N01",169,0.0465942845330574
"N01",170,0.172005100403318
"N01",171,0.0353647270821966
"N01",172,0.0573948425590061
"N01",173,0.174518164702433
"N01",174,0.0176477256037195
"N01",175,0.130869096188936
"N01",176,0.13127885502238
"N01",177,0.174168347370553
"N01",178,0.180807621342895
"N01",179,0.065377451304812
"N01",180,0.0667218434391543
"N01",181,0.0518137943399821
"N01",182,0.0302676768624224
"N01",183,0.0768025193247013
"N01",184,0.265196042818096
"N01",185,0.0415978629607707
"N01",186,0.0544713835928834
"N01",187,0.0824383347062394
"N01",188,0.129287859536113
"N01",189,0.172910241986962
"N01",190,0.0112190869404003
"N01",191,0.00455939518367176
"N01",192,0.300967342437324
"N01",193,0.226241931308734
"N01",194,0.360723260675104
"N01",195,0.187742097494769
"N01",196,0.0189874488860369
"N01",197,0.0794030897086486
"N01",198,0.0958063783633717
"N01",199,0.0186816469067708
"N01",200,0.245494103747162
"N02",1,0.00292699737977204
"N02",2,0.0139589648460969
"N02",3,0.270003290791042
"N02",4,0.236769317173141
"N02",5,0.0085329600999604
"N02",6,0.142326012597756
"N02",7,0.192585919478422
"N02",8,0.0339354280252347
"N02",9,0.17122694348857
"N02",10,0.090548444766888
"N02",11,0.345854675148693
"N02",12,0.00661220716143866
"N02",13,0.124878430500963
"N02",14,0.0591913131065667
"N02",15,0.281523002994326
"N02",16,0.0217602838529274
"N02",17,0.0154222093248298
"N02",18,0.00311017531203106
"N02",19,0.281398961537597
"N02",20,0.0602967839222401
"N02",21,0.0640716365887783
"N02",22,0.0311902282992378
"N02",23,0.0594481563312002
"N02",24,0.262815969281909
"N02",25,0.0359199920203537
"N02",26,0.0930150881124303
"N02",27,0.153491084458643
"N02",28,0.0953433364577234
"N02",29,0.248774990196082
"N02",30,0.0412522442638874
"N02",31,0.146473033930512
"N02",32,0.0756557118147612
"N02",33,0.230836501800197
"N02",34,0.0138747736928053
"N02",35,0.0240848706361483
"N02",36,0.071814448107034
"N02",37,0.101060418523254
"N02",38,0.0508800375973806
"N02",39,0.0189159062574618
"N02",40,0.257825532917607
"N02",41,0.0620697978883982
"N02",42,0.112868200188429
"N02",43,0.0194006796227768
"N02",44,0.0397434812621213
"N02",45,0.306705416397271
"N02",46,0.127638322528788
"N02",47,0.0291665570111945
"N02",48,0.0110469527426176
"N02",49,0.84893831396406
"N02",50,0.00374450953677297
"N02",51,0.0926729631872635
"N02",52,0.0142336780554615
"N02",53,0.0528706684039787
"N02",54,0.0210672874236479
"N02",55,0.0595726961619221
"N02",56,0.0448312434600666
"N02",57,0.137560098543169
"N02",58,0.129690867147003
"N02",59,0.238214772416952
"N02",60,0.386961439603424
"N02",61,0.195243161626834
"N02",62,0.0589959278004244
"N02",63,0.0186320888800943
"N02",64,0.156517279678361
"N02",65,0.00366149592446163
"N02",66,0.0250248458469287
"N02",67,0.0620061461545091
"N02",68,0.161499831005336
"N02",69,0.212165574532676
"N02",70,0.293570104272184
"N02",71,0.166553967394272
"N02",72,0.122487303446384
"N02",73,0.0469233759213239
"N02",74,0.0574019443592988
"N02",75,0.145107633661816
"N02",76,0.296283144720909
"N02",77,0.0322477020900669
"N02",78,0.208705437591973
"N02",79,0.00113507592379744
"N02",80,0.456917457954779
"N02",81,0.174919309084046
"N02",82,0.0576576412422583
"N02",83,0.272922246976925
"N02",84,0.0433331906679086
"N02",85,0.0162379150860943
"N02",86,0.188967266554907
"N02",87,0.067580369533971
"N02",88,0.00919475140403785
"N02",89,0.043258132730422
"N02",90,0.0710540058789775
"N02",91,0.255227288220751
"N02",92,0.0973218980891273
"N02",93,0.14703473553002
"N02",94,0.112294059424858
"N02",95,0.107456475840287
"N02",96,0.0120103761292449
"N02",97,0.00426374968290652
"N02",98,0.0397532476345077
"N02",99,0.236755895185027
"N02",100,0.0806561033241451
"N02",101,0.16018186287895
"N02",102,0.0021812116028741
"N02",103,0.616907244109223
"N02",104,0.134747691447252
"N02",105,0.0178651486057788
"N02",106,0.0384483932866715
"N02",107,0.0493799498071894
"N02",108,0.0170215321704745
"N02",109,0.227318383277136
"N02",110,0.0507240680744871
"N02",111,0.247313891759816
"N02",112,0.208969430987465
"N02",113,0.17521606346453
"N02",114,0.119317506900394
"N02",115,0.437893614845172
"N02",116,0.307219432418314
"N02",117,0.133150381202786
"N02",118,0.00586391789463542
"N02",119,0.00151026184903458
"N02",120,0.291969697208223
"N02",121,0.0525887787225656
"N02",122,0.212465088803995
"N02",123,0.095373072539793
"N02",124,0.0289485770626925
"N02",125,0.179885604641143
"N02",126,0.142955480720253
"N02",127,0.00571276253322139
"N02",128,0.674996627690765
"N02",129,0.040653379467483
"N02",130,0.0953857673390479
"N02",131,0.0140733009714068
"N02",132,0.0555864727939479
"N02",133,0.0132431681849994
"N02",134,0.106650266658505
"N02",135,0.0823154943645932
"N02",136,0.0458120784023777
"N02",137,0.32078821061361
"N02",138,0.0565979172242805
"N02",139,0.223084985966536
"N02",140,0.0424766918295063
"N02",141,0.00867946263295374
"N02",142,0.026420439069625
"N02",143,0.0309131832871535
"N02",144,0.114357637818308
"N02",145,0.164809501258993
"N02",146,0.00285596446339474
"N02",147,0.0841750138788484
"N02",148,0.259163687926459
"N02",149,0.177981248800626
"N02",150,0.0462353217299096
"N02",151,0.107387068326922
"N02",152,0.0858454163535498
"N02",153,0.109871323014738
"N02",154,0.130456426059233
"N02",155,0.00316200242377818
"N02",156,0.0973617627936156
"N02",157,0.293889924635258
"N02",158,0.237238497188822
"N02",159,0.178288658604699
"N02",160,0.345341653314498
"N02",161,0.17201994684931
"N02",162,0.466292823405758
"N02",163,0.0342409298755229
"N02",164,0.0713253831490874
"N02",165,0.159500047675671
"N02",166,0.196113441128957
"N02",167,0.576068917723531
"N02",168,0.0894357610907048
"N02",169,0.088526929490605
"N02",170,0.00233653699979186
"N02",171,0.0214270604192279
"N02",172,0.00254201370989904
"N02",173,0.190063178295943
"N02",174,0.136242025759408
"N02",175,0.00709997565718368
"N02",176,0.196240491921756
"N02",177,0.0326184552977793
"N02",178,0.192922234757546
"N02",179,0.00653971813153476
"N02",180,0.170697667747141
"N02",181,0.228692996770817
"N02",182,0.128995058470742
"N02",183,0.165292486776003
"N02",184,0.0359759675920941
"N02",185,0.0262692095840075
"N02",186,0.0946242762677014
"N02",187,0.13784476275962
"N02",188,0.0475821722331817
"N02",189,0.00981662011214351
"N02",190,0.0227919852477498
"N02",191,0.0343969205860049
"N02",192,0.271953404632476
"N02",193,0.0354994228691794
"N02",194,0.164386100246908
"N02",195,0.269814354584631
"N02",196,0.509994134979144
"N02",197,0.299517675985661
"N02",198,0.0201608698930397
"N02",199,0.023973798903171
"N02",200,0.123281920932402
"N03",1,0.0648350977571681
"N03",2,0.111678927898744
"N03",3,0.0776120554073714
"N03",4,0.000869774745416684
"N03",5,0.121245250333437
"N03",6,0.191201528989452
"N03",7,0.223962965178046
"N03",8,0.071235912386328
"N03",9,0.200875718834552
"N03",10,0.392782254832591
"N03",11,0.0120866784366069
"N03",12,0.163563536824064
"N03",13,0.915681159003998
"N03",14,0.259677944228727
"N03",15,0.214117891144681
"N03",16,0.0814464174327441
"N03",17,0.032022549891735
"N03",18,0.202139216930348
"N03",19,0.0152425886481069
"N03",20,0.0840705742593855
"N03",21,0.138140683710429
"N03",22,0.0239634285501699
"N03",23,0.0158785043749958
"N03",24,0.0319957577134484
"N03",25,0.0649149712407961
"N03",26,0.080287215707358
"N03",27,0.267010316469786
"N03",28,0.0694557128590532
"N03",29,0.118663855124602
"N03",30,0.282668529645072
"N03",31,0.33817129464176
"N03",32,0.0256363085354678
"N03",33,0.24412913340025
"N03",34,0.0860530601930805
"N03",35,0.31938515252721
"N03",36,0.079585877712816
"N03",37,0.00112714234273881
"N03",38,0.132346062450075
"N03",39,0.0214192892103262
"N03",40,0.0622989920084365
"N03",41,0.0237268573837355
"N03",42,0.0661416132352315
"N03",43,0.0360477225622162
"N03",44,0.00924398412462324
"N03",45,0.129388317819508
"N03",46,0.00108881834606204
"N03",47,0.112429695885269
"N03",48,0.0437089443024629
"N03",49,0.0119251072008725
"N03",50,0.0134385506623338
"N03",51,0.123275163461791
"N03",52,0.279957270466802
"N03",53,0.193549593434411
"N03",54,0.0423608524003292
"N03",55,0.00261056370800361
"N03",56,0.15205942838859
"N03",57,0.158620247262867
"N03",58,0.0484587747723937
"N03",59,0.114239301527256
"N03",60,0.0591700578806922
"N03",61,0.0395144212525338
"N03",62,0.190462913912019
"N03",63,0.444440727969097
"N03",64,0.0837901654304005
"N03",65,0.172343322419898
"N03",66,0.000182021176442504
"N03",67,0.0162223885979447
"N03",68,0.285759648525235
"N03",69,0.00866760045755655
"N03",70,0.196438988893035
"N03",71,0.244979022991586
"N03",72,0.0897751451650277
"N03",73,0.021672021392236
"N03",74,0.0772436701809056
"N03",75,0.0760164080420509
"N03",76,0.00691986118908972
"N03",77,0.0416334124977961
"N03",78,0.0115691360551864
"N03",79,0.0614844203228131
"N03",80,0.0228751871036366
"N03",81,0.0513623874758603
"N03",82,0.0574646684690379
"N03",83,0.0288409604690969
"N03",84,0.0194010984851047
"N03",85,0.00488833915562456
"N03",86,0.463141468094483
"N03",87,0.328770790352864
"N03",88,0.0109492045012303
"N03",89,0.236068626622412
"N03",90,0.00128727749739892
"N03",91,0.0962616894341648
"N03",92,0.0734567111358047
"N03",93,0.379826968514776
"N03",94,0.0583864789805375
"N03",95,0.173077691457571
"N03",96,0.0726004457683302
"N03",97,0.162552007119508
"N03",98,0.140389682370575
"N03",99,0.00630250974791124
"N03",100,0.0760832414962351
"N03",101,0.00936489911035922
"N03",102,0.0292800004013496
"N03",103,0.151645286585541
"N03",104,0.240357519815418
"N03",105,0.0374877094291151
"N03",106,0.0543150337180123
"N03",107,0.170952050941402
"N03",108,0.30667734586921
"N03",109,0.0800350970821455
"N03",110,0.117680809694399
"N03",111,0.155593215948308
"N03",112,0.00938869966194034
"N03",113,0.0643883994198404
"N03",114,0.0898559961751448
"N03",115,0.0596463530673645
"N03",116,0.00737012713216245
"N03",117,0.024719086883124
"N03",118,0.0311794752487913
"N03",119,0.0605127844252648
"N03",120,0.129909560079092
"N03",121,0.0105582140968181
"N03",122,0.0839233795413747
"N03",123,0.0419947889167815
"N03",124,0.149671697043511
"N03",125,0.0440419131191447
"N03",126,0.0387970828451216
"N03",127,0.104043174064124
"N03",128,0.225385359245095
"N03",129,0.0212718789219682
"N03",130,0.0208629375308177
"N03",131,0.014857116912026
"N03",132,0.256544017222452
"N03",133,0.0457249544560909
"N03",134,0.24303141235255
"N03",135,0.204308736206419
"N03",136,0.174347582495514
"N03",137,0.134695740411395
"N03",138,0.314262967308131
"N03",139,0.121311311954038
"N03",140,0.630934385778877
"N03",141,0.11154307948366
"N03",142,0.0177943303133361
"N03",143,0.192592193799259
"N03",144,0.0278219288269097
"N03",145,0.0710506951124873
"N03",146,0.0392637403565459
"N03",147,0.187609554257917
"N03",148,0.331264644146976
"N03",149,0.757369218352151
"N03",150,0.0358462441945449
"N03",151,0.138383285835722
"N03",152,0.201846307498012
"N03",153,0.201944665670491
"N03",154,0.0862438316107728
"N03",155,0.259794619156721
"N03",156,0.0660008455743082
"N03",157,0.242550072948191
"N03",158,0.103152313546675
"N03",159,0.102938336897047
"N03",160,0.13471330794912
"N03",161,0.0317821864465622
"N03",162,0.104868249729612
"N03",163,0.00452984578441828
"N03",164,0.267779474753
"N03",165,0.0345133011578582
"N03",166,0.32904843961176
"N03",167,0.0967554425535366
"N03",168,0.0995677485336708
"N03",169,0.106887954398395
"N03",170,0.00376941757754568
"N03",171,0.248878196569833
"N03",172,0.244532372093502
"N03",173,0.135968451732175
"N03",174,0.054288836021442
"N03",175,0.433414582835332
"N03",176,0.0244917855044998
"N03",177,0.00620159623213112
"N03",178,0.0355725744739175
"N03",179,0.000320379680488259
"N03",180,0.193636486722495
"N03",181,0.241550033203068
"N03",182,0.12987752246611
"N03",183,0.163907695556396
"N03",184,0.114159034389077
"N03",185,0.166751879494974
"N03",186,0.0406725619776149
"N03",187,0.0691974777146243
"N03",188,0.0915884065789468
"N03",189,0.0592160539817996
"N03",190,0.0879595439130083
"N03",191,0.264255234681456
"N03",192,0.34674701462448
"N03",193,0.12655559030302
"N03",194,0.140095104690978
"N03",195,0.0712509079021402
"N03",196,0.267821802341889
"N03",197,0.0351345305788041
"N03",198,0.00279583383056279
"N03",199,0.0961076190529157
"N03",200,0.0011407312086523
"N04",1,0.0857135187252425
"N04",2,0.0963556949287177
"N04",3,0.0805867136805318
"N04",4,0.0761642655124888
"N04",5,0.0635311368969269
"N04",6,0.144210798311384
"N04",7,0.0982763650157508
"N04",8,0.35059437241493
"N04",9,0.0310603538165775
"N04",10,0.122811213130468
"N04",11,0.0137848654994741
"N04",12,0.0381553156419015
"N04",13,0.0289888842565053
"N04",14,0.485045860262409
"N04",15,0.0914192760776371
"N04",16,0.289280298848715
"N04",17,0.110567179619671
"N04",18,0.13419641542189
"N04",19,0.379722987280643
"N04",20,0.0179530963199378
"N04",21,0.0801806405070238
"N04",22,0.0853772935806774
"N04",23,0.0376658825468752
"N04",24,0.0102885412052274
"N04",25,0.0479186324519105
"N04",26,0.247720585892651
"N04",27,0.149953865091653
"N04",28,0.0796571235405281
"N04",29,0.260278763487458
"N04",30,0.15427530707732
"N04",31,0.0845093579846434
"N04",32,0.0880076941050232
"N04",33,0.105347020933682
"N04",34,0.133959389170037
"N04",35,0.0136557383049076
"N04",36,0.0776538968202658
"N04",37,0.0959346011461333
"N04",38,0.11408636799954
"N04",39,0.125848914331871
"N04",40,0.129206717707554
"N04",41,0.0356858561281115
"N04",42,0.00854086369508877
"N04",43,0.145166838536376
"N04",44,0.058153334481176
"N04",45,0.00715498989741381
"N04",46,0.0949394351134709
"N04",47,0.0880990473035366
"N04",48,0.0294792493147819
"N04",49,0.0484159485615801
"N04",50,0.135560564225876
"N04",51,0.136260590976441
"N04",52,0.181893001067194
"N04",53,0.0712225557654165
"N04",54,0.133795356438591
"N04",55,0.0516932650352828
"N04",56,0.0859274039976299
"N04",57,0.0024013852970739
"N04",58,0.165018633703047
"N04",59,0.0650344396766261
"N04",60,0.0590665274287135
"N04",61,0.114601049799809
"N04",62,0.229924273201007
"N04",63,0.00205421133476895
"N04",64,0.0861625127727166
"N04",65,0.154745085858145
"N04",66,0.0181041483883746
"N04",67,0.245585302113298
"N04",68,0.156554641662502
"N04",69,0.0857728698756546
"N04",70,0.0473750258097425
"N04",71,0.243336186268109
"N04",72,0.24425424238548
"N04",73,0.047470334726693
"N04",74,0.0366919643129222
"N04",75,0.0548720884253271
"N04",76,0.273224721414116
"N04",77,0.0253420122317038
"N04",78,0.0330942630534992
"N04",79,0.0393696641549468
"N04",80,0.0535541447461583
"N04",81,0.00140359322540462
"N04",82,0.174430433937608
"N04",83,0.168298425613308
"N04",84,0.226178705448958
"N04",85,0.125630245073104
"N04",86,0.66450799834964
"N04",87,0.336162955717263
"N04",88,0.000953307141286676
"N04",89,0.320787039802489
"N04",90,0.0488690023083345
"N04",91,0.322659337205032
"N04",92,0.134796185879374
"N04",93,0.00689034574122227
"N04",94,0.222635659955763
"N04",95,0.0249031187267974
"N04",96,0.00764361734036356
"N04",97,0.145124351758549
"N04",98,0.0227107149548829
"N04",99,0.0844670394435525
"N04",100,0.191690985759896
"N04",101,0.0675510214059614
"N04",102,0.0952565489517167
"N04",103,0.152388417855242
"N04",104,0.119422325044276
"N04",105,0.716022519352746
"N04",106,0.121726659518563
"N04",107,0.0139286236726434
"N04",108,0.396511299514628
"N04",109,0.0443723649368621
"N04",110,0.0879156450165751
"N04",111,0.00383206218248233
"N04",112,0.100830311299638
"N04",113,0.0736209694878198
"N04",114,0.0992684983375227
"N04",115,0.0653794708196074
"N04",116,0.227370530822057
"N04",117,0.0347143698018044
"N04",118,0.149961574696341
"N04",119,0.0135882124886848
"N04",120,0.0256112231140074
"N04",121,0.218826862740073
"N04",122,0.0425550551735796
"N04",123,0.0827796981902793
"N04",124,0.0237823738599387
"N04",125,0.0610855018603615
"N04",126,0.0270406098570675
"N04",127,0.102479596154631
"N04",128,0.12958966823701
"N04",129,0.0763797143590637
"N04",130,0.065764301456511
"N04",131,0.0523980115540326
"N04",132,0.000527860753194266
"N04",133,0.405959214994168
"N04",134,0.34061010017347
"N04",135,0.041749648982659
"N04",136,0.146370762953872
"N04",137,0.00220419139105268
"N04",138,0.00607980164932087
"N04",139,0.0938999900774673
"N04",140,0.0643268442945555
"N04",141,0.13809594104007
"N04",142,0.0225984690774872
"N04",143,0.133716434584336
"N04",144,0.107302088750863
"N04",145,0.349341530331826
"N04",146,0.0398439961718395
"N04",147,0.105854622083122
"N04",148,0.178186232912096
"N04",149,0.0326516392069268
"N04",150,0.0207335129962303
"N04",151,0.0225124529679306
"N04",152,0.0643556909053586
"N04",153,0.114458161400968
"N04",154,0.322292655923483
"N04",155,0.0143966721370816
"N04",156,0.454217781053677
"N04",157,0.298841054768381
"N04",158,0.13527117203396
"N04",159,0.36458909975127
"N04",160,0.110507449129933
"N04",161,0.0380058726980802
"N04",162,0.349828409010029
"N04",163,0.0492212737444788
"N04",164,0.201741276065561
"N04",165,0.00260663645488185
"N04",166,0.394934662596738
"N04",167,0.0389264128752984
"N04",168,0.0488100644787205
"N04",169,0.0170161053538322
"N04",170,0.048599545221015
"N04",171,0.156459170039149
"N04",172,0.205252870374643
"N04",173,0.249292543147433
"N04",174,0.00263965339399874
"N04",175,0.528491998525494
"N04",176,0.0297684450682324
"N04",177,0.125883274473587
"N04",178,0.00113109330413863
"N04",179,0.0630632161046378
"N04",180,0.332557339225699
"N04",181,0.188919677402249
"N04",182,0.0388911179769661
"N04",183,0.0928085126001517
"N04",184,0.396772921995676
"N04",185,0.0576973268180154
"N04",186,0.109596135671587
"N04",187,0.21258862245709
"N04",188,0.243316157358882
"N04",189,0.137008482119405
"N04",190,0.0116502379532903
"N04",191,0.0206706463941373
"N04",192,0.0854803530965
"N04",193,0.163882433897221
"N04",194,0.0269535478505082
"N04",195,0.0338196381779522
"N04",196,0.183330345882779
"N04",197,0.0328821549192071
"N04",198,0.144333298196422
"N04",199,0.0115232748794369
"N04",200,0.0907685474446898
"N05",1,0.208165337786752
"N05",2,0.0336223366321065
"N05",3,0.833312956336192
"N05",4,0.396328945623195
"N05",5,0.208664843569252
"N05",6,0.132148406812327
"N05",7,0.0164424485666682
"N05",8,0.0439307675114833
"N05",9,0.0549641435574585
"N05",10,0.0733150398009457
"N05",11,0.0877134349377468
"N05",12,0.187142296090006
"N05",13,0.0323038217029534
"N05",14,0.146906524891371
"N05",15,0.116409016651438
"N05",16,0.112764321262354
"N05",17,0.183238499792921
"N05",18,0.118946010548246
"N05",19,0.146042121801862
"N05",20,0.143873807968909
"N05",21,0.0157606742577627
"N05",22,0.040615631674882
"N05",23,0.0670358084607869
"N05",24,0.0427280529815647
"N05",25,0.0324489861200975
"N05",26,0.137865708902815
"N05",27,0.16265865554508
"N05",28,0.00588321258814403
"N05",29,0.0884698324304153
"N05",30,0.050634759652894
"N05",31,0.106394942728208
"N05",32,0.212316509558561
"N05",33,0.0193220972184333
"N05",34,0.0474083066999586
"N05",35,0.046572103863582
"N05",36,0.0167124811559916
"N05",37,0.134200305323453
"N05",38,0.111664116539619
"N05",39,0.155762370088474
"N05",40,0.223023759527435
"N05",41,0.0666997933697852
"N05",42,0.0771038209204562
"N05",43,0.115650154062884
"N05",44,0.0333994805114344
"N05",45,0.121974015253933
"N05",46,0.183293528190219
"N05",47,0.00468023047882367
"N05",48,0.45930407263507
"N05",49,0.0133373156650733
"N05",50,0.221789667837995
"N05",51,0.07887979503721
"N05",52,0.155161444907413
"N05",53,0.0794552032020874
"N05",54,0.0202295273775235
"N05",55,0.138741177268663
"N05",56,0.393402921014881
"N05",57,0.410229467765844
"N05",58,0.0363037812057883
"N05",59,0.0637824900176403
"N05",60,0.00813999463571236
"N05",61,0.274908548293256
"N05",62,0.198724349611574
"N05",63,0.04007808711462
"N05",64,0.205933851877901
"N05",65,0.0172675880603492
"N05",66,0.117315836478362
"N05",67,0.245224116825241
"N05",68,0.649278698685143
"N05",69,0.0766475828713737
"N05",70,0.00425363966496661
"N05",71,0.0592716364862328
"N05",72,0.164100850810634
"N05",73,0.0515607093693689
"N05",74,0.0144332718336955
"N05",75,0.106043390398301
"N05",76,0.038689391920343
"N05",77,0.0895592273276201
"N05",78,0.0426205907478049
"N05",79,0.121637933825162
"N05",80,0.000968220527283847
"N05",81,0.0616702489787713
"N05",82,0.108300916612485
"N05",83,0.0493607437238097
"N05",84,0.374918122754848
"N05",85,0.0248895759567731
"N05",86,0.105612825131381
"N05",87,0.0767176864901558
"N05",88,0.0966251468920347
"N05",89,0.29958606486496
"N05",90,0.308233567018245
"N05",91,0.00551810066328058
"N05",92,0.0530419482929377
"N05",93,0.0363568849861622
"N05",94,0.0166811962363414
"N05",95,0.211703782425004
"N05",96,0.113015654840843
"N05",97,0.0319146751757773
"N05",98,0.0248335417127237
"N05",99,0.143785491916892
"N05",100,0.121556351072492
"N05",101,0.0311796730966307
"N05",102,0.128201445997555
"N05",103,0.0489826715448359
"N05",104,0.201377586916763
"N05",105,0.0228739029262215
"N05",106,0.0840999951469712
"N05",107,0.0196650239677243
"N05",108,0.129975254911769
"N05",109,0.042463251252211
"N05",110,0.150884306635113
"N05",111,0.0689499838626944
"N05",112,0.0830290555022657
"N05",113,0.172628917609678
"N05",114,0.107001333349686
"N05",115,0.159927111346611
"N05",116,0.118841085643845
"N05",117,0.269129107457665
"N05",118,0.0388103437726386
"N05",119,0.159728068585132
"N05",120,0.00834043500745464
"N05",121,0.101392224542202
"N05",122,0.0396294887177646
"N05",123,0.161601756875185
"N05",124,0.327454463330177
"N05",125,0.0748901807819493
"N05",126,0.0278769586584531
"N05",127,0.0893186638079226
"N05",128,0.0268594788503833
"N05",129,0.00274779374012724
"N05",130,0.0188665703753941
"N05",131,0.20089531688832
"N05",132,0.048721173384941
"N05",133,0.0268922057584859
"N05",134,0.115880572123647
"N05",135,0.272137206286648
"N05",136,0.24203276982412
"N05",137,0.0914740189734394
"N05",138,0.434786962635131
"N05",139,0.012887259459757
"N05",140,0.609124554517242
"N05",141,0.252510204202238
"N05",142,0.0122451185598038
"N05",143,0.174478184213918
"N05",144,0.0771215842687525
"N05",145,0.155864438735285
"N05",146,0.991369542840848
"N05",147,0.232200420218262
"N05",148,0.11640210088283
"N05",149,0.0634635848137792
"N05",150,0.0108463461015882
"N05",151,0.0822618285310455
"N05",152,0.339138286870983
"N05",153,0.0518656286294572
"N05",154,0.151565954316744
"N05",155,0.316624467012551
"N05",156,0.334652637348589
"N05",157,0.104522164242822
"N05",158,0.112355347251856
"N05",159,0.133637128276156
"N05",160,0.149612897070462
"N05",161,0.00172583380716665
"N05",162,0.171772729018109
"N05",163,0.0458400146856168
"N05",164,0.00710026436718181
"N05",165,0.0433956619235687
"N05",166,0.079536816806843
"N05",167,0.2032223357714
"N05",168,0.211549090370928
"N05",169,0.191751813505518
"N05",170,0.458004963815083
"N05",171,0.11099883831978
"N05",172,0.175181079075495
"N05",173,0.284444531692858
"N05",174,0.0246300134458579
"N05",175,0.0371793035883456
"N05",176,0.000755605152092572
"N05",177,0.0131026472663507
"N05",178,0.0730571232270449
"N05",179,0.0826930668554269
"N05",180,0.039803707622923
"N05",181,0.0918401979090289
"N05",182,0.063645622949364
"N05",183,0.0403268411173485
"N05",184,0.00771394337061793
"N05",185,0.0639714230783284
"N05",186,0.192898964266035
"N05",187,0.0665562986396253
"N05",188,0.00727647989483256
"N05",189,0.160030034249054
"N05",190,0.014808839361649
"N05",191,0.0932754621555671
"N05",192,0.0901072497892767
"N05",193,0.0553337402755602
"N05",194,0.187692307421669
"N05",195,0.0616732657654211
"N05",196,0.168204855401406
"N05",197,0.111754406849188
"N05",198,0.00576770920084145
"N05",199,0.138723046601661
"N05",200,0.265226701491591
"N06",1,0.0134504255178575
"N06",2,0.058597736118827
"N06",3,0.129742736536265
"N06",4,0.0840520224883221
"N06",5,0.0892383760021642
"N06",6,0.0300711619142956
"N06",7,0.179309249731199
"N06",8,0.0923114119743571
"N06",9,0.219539764093909
"N06",10,0.0326951974642018
"N06",11,0.0442598981899209
"N06",12,0.073726300674025
"N06",13,0.213794232568446
"N06",14,0.076576417835895
"N06",15,0.0967484043160096
"N06",16,0.428457155802703
"N06",17,0.252175062457057
"N06",18,0.402727876768863
"N06",19,0.425451328956938
"N06",20,0.244152752904895
"N06",21,0.0204885262677291
"N06",22,0.201406923682021
"N06",23,0.069898309186101
"N06",24,0.165874163964169
"N06",25,0.0091888215392828
"N06",26,0.0885974142817331
"N06",27,0.0962254241987705
"N06",28,0.183619060543108
"N06",29,0.275935531345275
"N06",30,0.263784478474524
"N06",31,0.0629741834127344
"N06",32,0.177169304656481
"N06",33,0.057146490609739
"N06",34,0.0516846266691573
"N06",35,0.0183472686212784
"N06",36,0.0691418533097021
"N06",37,0.00569635262503328
"N06",38,0.285400368955997
"N06",39,0.267278316182163
"N06",40,0.0675307537894696
"N06",41,0.302232416475914
"N06",42,0.0579185474780388
"N06",43,0.0250646424028558
"N06",44,0.00695771483445602
"N06",45,0.237975953136313
"N06",46,0.146154359210619
"N06",47,0.146424234723078
"N06",48,0.0460250226897188
"N06",49,0.0257308352653914
"N06",50,0.0877543348999337
"N06",51,0.12466461431534
"N06",52,0.0559836116153747
"N06",53,0.0185909071109515
"N06",54,0.263617658545547
"N06",55,0.0693718503462151
"N06",56,0.222144900167739
"N06",57,0.190380443342704
"N06",58,0.0226010564364766
"N06",59,0.00461013911990449
"N06",60,0.071166807145346
"N06",61,0.0147989643155597
"N06",62,0.00707845314173028
"N06",63,0.142313291313463
"N06",64,0.154684104951435
"N06",65,0.0798516947543249
"N06",66,0.393224559703326
"N06",67,0.0327312434674241
"N06",68,0.148154714721592
"N06",69,0.150806543412024
"N06",70,0.145125926932657
"N06",71,0.0523117195698433
"N06",72,0.0380350410417273
"N06",73,0.0770991528988816
"N06",74,0.255655994580863
"N06",75,0.223236747541207
"N06",76,0.0943978024826959
"N06",77,0.0283920816145837
"N06",78,0.143764031606108
"N06",79,0.255206090853292
"N06",80,0.0695045216707513
"N06",81,0.0299325913074426
"N06",82,0.0856587993912399
"N06",83,0.0497478429460898
"N06",84,0.293876695663747
"N06",85,0.209238177620548
"N06",86,0.0921684438387791
"N06",87,0.0518568169209175
"N06",88,0.0795202853041701
"N06",89,0.0803485429496504
"N06",90,0.350752788574851
"N06",91,0.300479617186901
"N06",92,0.279411149893966
"N06",93,0.0691192655358464
"N06",94,0.0750654113362543
"N06",95,0.0438583559007384
"N06",96,0.0819346391945146
"N06",97,0.0426211850135587
"N06",98,0.0114444751525298
"N06",99,0.12493203638062
"N06",100,0.141027990839781
"N06",101,0.315205650382697
"N06",102,0.126637306641193
"N06",103,0.0242012463859282
"N06",104,0.037994155252818
"N06",105,0.119780227071011
"N06",106,0.0693387461360544
"N06",107,0.0632742175948806
"N06",108,0.0909861942002192
"N06",109,0.187528218365017
"N06",110,0.219752822759303
"N06",111,0.0610524210496806
"N06",112,0.0459046425530687
"N06",113,0.0713051683851518
"N06",114,0.0723674761247821
"N06",115,0.123991417693311
"N06",116,0.2134091949451
"N06",117,0.0647207920825787
"N06",118,0.0560938502312638
"N06",119,0.0213911930742801
"N06",120,0.309908678972241
"N06",121,0.016643414623104
"N06",122,0.0100244923960418
"N06",123,0.087718530108954
"N06",124,0.0800236240611412
"N06",125,0.247927528329867
"N06",126,0.369145186596966
"N06",127,0.0173635142337468
"N06",128,0.217554206669256
"N06",129,0.110381038787605
"N06",130,0.0909163660782963
"N06",131,0.250979215827513
"N06",132,0.0255648859730212
"N06",133,0.0711437367717735
"N06",134,0.175993666973639
"N06",135,0.0439378356095403
"N06",136,0.157083016815001
"N06",137,0.0708500112523325
"N06",138,0.0525395529693924
"N06",139,0.168870175717735
"N06",140,0.0256998863914098
"N06",141,0.0767084266990423
"N06",142,0.0197675220551901
"N06",143,0.416374019129668
"N06",144,0.0648679073783569
"N06",145,0.197498587415296
"N06",146,0.0505340552190319
"N06",147,0.326249264397737
"N06",148,0.174198089855465
"N06",149,0.128705993871541
"N06",150,0.0456832471416673
"N06",151,0.0409744307980873
"N06",152,0.107729238452727
"N06",153,0.0391585164256916
"N06",154,0.25918444431268
"N06",155,0.000785847601946443
"N06",156,0.140787868988106
"N06",157,0.501539247782722
"N06",158,0.0198006274295039
"N06",159,0.0467112452024594
"N06",160,0.351098558279616
"N06",161,0.0147804309963249
"N06",162,0.0518225674750283
"N06",163,0.186196134834132
"N06",164,0.0384304269100539
"N06",165,0.0181251735193655
"N06",166,0.0496217804611661
"N06",167,0.0975465880421564
"N06",168,0.102555535495618
"N06",169,0.10547748254087
"N06",170,0.0143318448099308
"N06",171,0.176261029911665
"N06",172,0.178097136075351
"N06",173,0.0555400846642442
"N06",174,0.0291425597388297
"N06",175,0.0092165662208572
"N06",176,0.131341097286387
"N06",177,0.0202936226092476
"N06",178,0.0555694453651085
"N06",179,0.0131015801453032
"N06",180,0.0983298059966058
"N06",181,0.0977571517832879
"N06",182,0.0298088599229231
"N06",183,0.118995133782142
"N06",184,0.415758525931692
"N06",185,0.132669070381077
"N06",186,0.00119641620450107
"N06",187,0.183777865182375
"N06",188,0.166215734434651
"N06",189,0.0659283722634427
"N06",190,0.152005953450096
"N06",191,0.168379480794597
"N06",192,0.0177482148568899
"N06",193,0.167364941904658
"N06",194,0.146125890542159
"N06",195,0.064587973523885
"N06",196,0.0638869753456675
"N06",197,0.133982483273467
"N06",198,0.143613446957881
"N06",199,0.0237897174083628
"N06",200,0.0329941103032905
"N07",1,0.064796986989677
"N07",2,0.270845416237635
"N07",3,0.0309229746910005
"N07",4,0.16975222271342
"N07",5,0.0105625109423315
"N07",6,0.0878769468756317
"N07",7,0.106593814898052
"N07",8,0.258876762109551
"N07",9,0.0071273987996392
"N07",10,0.0715985822025687
"N07",11,0.119865850106091
"N07",12,0.048578922636807
"N07",13,0.172829064535314
"N07",14,0.233508509107608
"N07",15,0.0778022542363033
"N07",16,0.0971064150707029
"N07",17,0.0908451365487293
"N07",18,0.567443071367377
"N07",19,0.0731937899254262
"N07",20,0.398310115913625
"N07",21,0.175955242001194
"N07",22,0.316257038370785
"N07",23,0.118435574671474
"N07",24,0.0359040168696083
"N07",25,0.0160526673538751
"N07",26,0.0141089363023639
"N07",27,0.16670644096505
"N07",28,0.173113056104036
"N07",29,0.0250544825685211
"N07",30,0.0440352186489617
"N07",31,0.0548370096948929
"N07",32,0.138358648046257
"N07",33,0.431437449508762
"N07",34,0.292103605096307
"N07",35,0.176140733645433
"N07",36,0.112635904565819
"N07",37,0.133695193305986
"N07",38,0.0244868822577853
"N07",39,0.00775698441557537
"N07",40,0.257713224728334
"N07",41,0.0990978761057943
"N07",42,0.129127863090822
"N07",43,0.094829165487887
"N07",44,0.220110357728529
"N07",45,0.159445312800223
"N07",46,0.0682597007253207
"N07",47,0.020822576363571
"N07",48,0.0492112203112539
"N07",49,0.147349968081677
"N07",50,0.0232575283804587
"N07",51,0.0472887277137488
"N07",52,0.0385134924435988
"N07",53,0.0626851690467447
"N07",54,0.0564288613968529
"N07",55,0.295888166160402
"N07",56,0.292982368015763
"N07",57,0.023777921393048
"N07",58,0.106225905025768
"N07",59,0.0318177447770722
"N07",60,0.227046706311351
"N07",61,0.00789845752296969
"N07",62,0.00514225102814759
"N07",63,0.0561730525805615
"N07",64,0.0587444349657744
"N07",65,0.080693646275904
"N07",66,0.469822513611809
"N07",67,0.0315416533849202
"N07",68,0.28994694839519
"N07",69,0.0484955590800382
"N07",70,0.130292815733106
"N07",71,0.06020086503122
"N07",72,0.104070805939251
"N07",73,0.588180100979442
"N07",74,0.0643833265057765
"N07",75,0.0453662559948033
"N07",76,0.0476505259866826
"N07",77,0.00558904360514134
"N07",78,0.120781310316213
"N07",79,0.0243036845241323
"N07",80,0.328463207156939
"N07",81,0.158807508292945
"N07",82,0.0636986698373221
"N07",83,0.0928127446625024
"N07",84,0.0473085305420682
"N07",85,0.156582852238195
"N07",86,0.0434319784399122
"N07",87,0.168152660126203
"N07",88,0.0669321696623228
"N07",89,0.0609414735226892
"N07",90,0.070021616818849
"N07",91,0.0734784181113355
"N07",92,0.31178608185899
"N07",93,0.0805250595440157
"N07",94,0.0808507192996331
"N07",95,0.0555161772063002
"N07",96,0.0438463367754593
"N07",97,0.0118821470801049
"N07",98,0.2495554133679
"N07",99,0.0335348799316699
"N07",100,0.115933581482417
"N07",101,0.083716596593149
"N07",102,0.0408495795563795
"N07",103,0.0662519467190565
"N07",104,0.186652897613797
"N07",105,0.0123240732687649
"N07",106,0.0262285298667848
"N07",107,0.0334910905221477
"N07",108,0.199017178222247
"N07",109,0.101209154812956
"N07",110,0.0753761566011235
"N07",111,0.0524969167250806
"N07",112,0.0331380635034293
"N07",113,0.0128451274358667
"N07",114,0.00431073195068166
"N07",115,0.137837357572058
"N07",116,0.254646207893941
"N07",117,0.0906704647781228
"N07",118,0.0353028897863619
"N07",119,0.138985978317784
"N07",120,0.145804032445291
"N07",121,0.0146949486224912
"N07",122,0.113195074484089
"N07",123,0.0435621436336078
"N07",124,0.00136332650436088
"N07",125,0.0195978632236928
"N07",126,0.043655166060899
"N07",127,0.33828459282693
"N07",128,0.0352084208527884
"N07",129,0.00231822830392048
"N07",130,0.0182434542221017
"N07",131,0.0239091460243799
"N07",132,0.119635845994914
"N07",133,0.0625170809759769
"N07",134,0.0113054476678371
"N07",135,0.0524853030801751
"N07",136,0.226245151822197
"N07",137,0.176841479715633
"N07",138,0.0325066310469992
"N07",139,0.0460168000427075
"N07",140,0.226907393418926
"N07",141,0.150927813464637
"N07",142,0.0522993859485723
"N07",143,0.25225514382005
"N07",144,0.017831475532148
"N07",145,0.0159197802435555
"N07",146,0.195800113645489
"N07",147,0.0678681479184888
"N07",148,0.33771043618497
"N07",149,0.118686504074709
"N07",150,0.005683618132025
"N07",151,0.200147328422147
"N07",152,0.296510633769625
"N07",153,0.225677615984892
"N07",154,0.0326769561566632
"N07",155,0.105288289714941
"N07",156,0.00116680283922317
"N07",157,0.063550464676074
"N07",158,0.0108705248567276
"N07",159,0.0224150564172305
"N07",160,0.00612905470188707
"N07",161,0.150047694793308
"N07",162,0.048412746503855
"N07",163,0.0721107379067689
"N07",164,0.00417098720353753
"N07",165,0.124058599578553
"N07",166,0.0161499756504782
"N07",167,0.00378204084699973
"N07",168,0.164374331589194
"N07",169,0.0915464507021413
"N07",170,0.0425190914407799
"N07",171,0.159879765817301
"N07",172,0.273059426246233
"N07",173,0.00245348129231895
"N07",174,0.482481409536496
"N07",175,0.0442970941076055
"N07",176,0.298205019191918
"N07",177,0.0135747898020782
"N07",178,0.235733073659915
"N07",179,0.025877631502226
"N07",180,0.159384906403126
"N07",181,0.00651462303610294
"N07",182,0.0986759295867399
"N07",183,0.244574805380168
"N07",184,0.0544244135770739
"N07",185,0.101821495098399
"N07",186,0.0358221005299129
"N07",187,0.0672417843465144
"N07",188,0.00176340228712715
"N07",189,0.192995764304626
"N07",190,0.147734223626891
"N07",191,0.294468613092867
"N07",192,0.0788261915440671
"N07",193,0.315834553377862
"N07",194,0.0538725933874957
"N07",195,0.029204915770808
"N07",196,0.236586466886777
"N07",197,0.688878680704854
"N07",198,0.19008421198346
"N07",199,0.294186293659404
"N07",200,0.142808988685125
"N08",1,0.10416840284072
"N08",2,0.116512136392546
"N08",3,0.389490162049838
"N08",4,0.339885720734564
"N08",5,0.00426707236329094
"N08",6,0.153339933947997
"N08",7,0.61426783186433
"N08",8,0.0569180675083771
"N08",9,0.00492923107568343
"N08",10,0.0289893463648688
"N08",11,0.00495744290524957
"N08",12,0.120987456681631
"N08",13,0.0618601634050719
"N08",14,0.0537142888060771
"N08",15,0.23455207113944
"N08",16,0.133491354290733
"N08",17,0.0419639521278441
"N08",18,0.56443952998721
"N08",19,0.0143751156865619
"N08",20,0.168374111870641
"N08",21,0.284212856304911
"N08",22,0.719723312142205
"N08",23,0.101279921940865
"N08",24,0.116185712389985
"N08",25,0.0602045395644382
"N08",26,0.0381783694367569
"N08",27,0.308575421802014
"N08",28,0.00838246086522287
"N08",29,0.0873110177092922
"N08",30,0.0865934549947269
"N08",31,0.45180168628861
"N08",32,0.0251280091470107
"N08",33,0.0331508785936498
"N08",34,0.442819214817333
"N08",35,0.0443410145817325
"N08",36,0.093678793794709
"N08",37,0.0470631132484414
"N08",38,0.055048038251698
"N08",39,0.232441055810753
"N08",40,0.189038749657264
"N08",41,0.0445999788935296
"N08",42,0.0860842884867452
"N08",43,0.106514616560986
"N08",44,0.0329064484685659
"N08",45,0.11885725496743
"N08",46,0.626266835453484
"N08",47,0.214688498050648
"N08",48,0.000422854209318757
"N08",49,0.0341828906951204
"N08",50,0.0365872026304714
"N08",51,0.59588923162424
"N08",52,0.301021211532024
"N08",53,0.139650857303628
"N08",54,0.0650740133714862
"N08",55,0.0170560208087306
"N08",56,0.0566223169698343
"N08",57,0.0230616524349898
"N08",58,0.03597139834892
"N08",59,0.135565640166739
"N08",60,0.215959351099934
"N08",61,0.00025518637735495
"N08",62,0.04252233839361
"N08",63,0.178980401279529
"N08",64,0.319921863482413
"N08",65,0.103483296343462
"N08",66,0.0915862502244875
"N08",67,0.0742863097693771
"N08",68,0.0045256668207819
"N08",69,0.000103710452094674
"N08",70,0.0152056683436967
"N08",71,0.0896279497425267
"N08",72,0.0313228367012925
"N08",73,0.201111856749722
"N08",74,0.320449768738251
"N08",75,0.0921364985480518
"N08",76,0.190382081925964
"N08",77,0.0403567626490258
"N08",78,0.0179254018128875
"N08",79,0.0621855607023463
"N08",80,0.196931838513094
"N08",81,0.00771641762759374
"N08",82,0.173516166618767
"N08",83,0.00861496385186911
"N08",84,0.0885779978654921
"N08",85,0.414805602261281
"N08",86,0.0975531190285369
"N08",87,0.141183826019393
"N08",88,0.27288507738438
"N08",89,0.0254372016061097
"N08",90,0.284860733182249
"N08",91,0.0232714501325972
"N08",92,0.140022234403865
"N08",93,0.168222700473258
"N08",94,0.494640734718934
"N08",95,0.0225548543967307
"N08",96,0.054574352921918
"N08",97,0.0776829571113922
"N08",98,0.19146488419615
"N08",99,0.100250874640757
"N08",100,0.0647447487572208
"N08",101,0.319640885862803
"N08",102,0.0404992964467965
"N08",103,0.432864552342749
"N08",104,0.0274164148083799
"N08",105,0.0536918578436598
"N08",106,0.309017786960333
"N08",107,0.00859920535003766
"N08",108,0.202120717801157
"N08",109,0.0177552187815309
"N08",110,0.466891414226785
"N08",111,0.0377916560893096
"N08",112,0.362832918215104
"N08",113,0.131769299269059
"N08",114,0.0120629624955599
"N08",115,0.294599464845923
"N08",116,0.0171089782379568
"N08",117,0.0454286275198683
"N08",118,0.0404441839782521
"N08",119,0.0912076199840397
"N08",120,0.00367381062824279
"N08",121,0.0538681577891111
"N08",122,0.0112390277216783
"N08",123,0.128954169039477
"N08",124,0.0631374100921676
"N08",125,0.275313042110792
"N08",126,0.167796052172186
"N08",127,0.272682457913724
"N08",128,0.0114915577578358
"N08",129,0.229560961936343
"N08",130,0.0361659413967421
"N08",131,0.446767558889191
"N08",132,0.0820919020916335
"N08",133,0.204759507855622
"N08",134,0.00215194706106558
"N08",135,0.14379690863818
"N08",136,0.0195495572957149
"N08",137,0.131478558405639
"N08",138,0.0331048844382167
"N08",139,0.436409407951878
"N08",140,0.0205641913226751
"N08",141,0.0846798302372918
"N08",142,0.345204483003435
"N08",143,0.42518181351707
"N08",144,0.0780087619205005
"N08",145,0.0223662846295927
"N08",146,0.0371442776358318
"N08",147,0.426955374868071
"N08",148,0.0794169771834277
"N08",149,0.0811982149607502
"N08",150,0.033933998842258
"N08",151,0.0966243549310563
"N08",152,0.105826254579575
"N08",153,0.282506222348402
"N08",154,0.098430775982554
"N08",155,0.0149006203282624
"N08",156,0.0360963282291777
"N08",157,0.225806314254853
"N08",158,0.263635705161166
"N08",159,0.471031077878371
"N08",160,0.0639289923710749
"N08",161,0.234465899633917
"N08",162,0.501431663261548
"N08",163,0.199261949479582
"N08",164,0.0968074835108494
"N08",165,0.0920656577010737
"N08",166,0.0144319099924733
"N08",167,0.0935384096758083
"N08",168,0.0626371902180836
"N08",169,0.0115595191600733
"N08",170,0.0627171022351831
"N08",171,0.0163872087723576
"N08",172,0.209376921866763
"N08",173,0.0221868406312051
"N08",174,0.0126424810732715
"N08",175,0.0259937499649823
"N08",176,0.0582671238225885
"N08",177,0.0444469220819883
"N08",178,0.631833260589564
"N08",179,0.430997641736126
"N08",180,0.0932569864619166
"N08",181,0.425810752415514
"N08",182,0.0524826549808495
"N08",183,0.204772215093228
"N08",184,0.190172415449026
"N08",185,0.175410204323682
"N08",186,0.0697829684359021
"N08",187,0.298091121716747
"N08",188,0.149551103934051
"N08",189,0.241652793938968
"N08",190,0.0812271070317365
"N08",191,0.0013301142991625
"N08",192,0.0160171565643664
"N08",193,0.0161755310681104
"N08",194,0.514293265269891
"N08",195,0.0449760277430556
"N08",196,0.208754910181032
"N08",197,0.0939514973410505
"N08",198,0.0244263388199836
"N08",199,0.0347985419305739
"N08",200,0.120015331538731
"N09",1,0.0605657418491319
"N09",2,0.188632514317262
"N09",3,0.0424388395361845
"N09",4,0.0773310873191804
"N09",5,0.11064564436149
"N09",6,0.008900873712264
"N09",7,0.069873274420388
"N09",8,0.0777250450337306
"N09",9,0.00965835248621452
"N09",10,0.00128446318948182
"N09",11,0.171208027395757
"N09",12,0.448339008467093
"N09",13,0.0602063413243741
"N09",14,0.0925421359864519
"N09",15,0.169870236544953
"N09",16,0.0601769440690987
"N09",17,0.0911016439733669
"N09",18,0.0118247949073461
"N09",19,0.0947782936685727
"N09",20,0.110870567843655
"N09",21,0.0470160752302036
"N09",22,0.206967923779714
"N09",23,0.0260535112509041
"N09",24,0.00556065136333928
"N09",25,0.00421631330218039
"N09",26,0.10637023159709
"N09",27,0.0777903390699066
"N09",28,0.0569007102770945
"N09",29,0.216625097932177
"N09",30,0.096478071873413
"N09",31,0.218494558929208
"N09",32,0.0451345592155121
"N09",33,0.0018140209140256
"N09",34,0.234986821877512
"N09",35,0.0788086569518782
"N09",36,0.0153241216321476
"N09",37,0.139979764697479
"N09",38,0.0584824329125695
"N09",39,0.18610559007034
"N09",40,0.0797242209082469
"N09",41,0.00580079853534698
"N09",42,0.198767180785004
"N09",43,0.168056678254494
"N09",44,0.0134414575877599
"N09",45,0.0316115121822804
"N09",46,0.113454278436826
"N09",47,0.0895913439983145
"N09",48,0.132079945522697
"N09",49,0.0724560586968437
"N09",50,0.156665792450646
"N09",51,0.138967032656052
"N09",52,0.0396407340886071
"N09",53,0.241312789487395
"N09",54,0.173578894871397
"N09",55,0.192379193071891
"N09",56,0.0426362587022595
"N09",57,0.100150268403219
"N09",58,0.0622164141948814
"N09",59,0.110266971280204
"N09",60,0.0889506596422736
"N09",61,0.0933653032354653
"N09",62,0.101776050585089
"N09",63,0.0211312091176314
"N09",64,0.0670135286367251
"N09",65,0.0428106198669411
"N09",66,0.231193470990959
"N09",67,0.475839472864821
"N09",68,0.170796296204777
"N09",69,0.00391443847911432
"N09",70,0.457477238701478
"N09",71,0.0804693783284165
"N09",72,0.0204365542158484
"N09",73,0.0566206224029884
"N09",74,0.229141671665686
"N09",75,0.4069837257056
"N09",76,0.0894262160308472
"N09",77,0.232250686136594
"N09",78,0.0136714708060026
"N09",79,0.269383976918724
"N09",80,0.295454574965951
"N09",81,0.00287228537490591
"N09",82,0.205592839735302
"N09",83,0.0246243151853881
"N09",84,0.175798124987759
"N09",85,0.38708929249779
"N09",86,0.111781199341045
"N09",87,0.00883107680221041
"N09",88,0.0562619948177598
"N09",89,0.038411651388742
"N09",90,0.0806744784349576
"N09",91,0.0193983735516667
"N09",92,0.144123016434426
"N09",93,0.1447667946288
"N09",94,0.0160789447254501
"N09",95,0.0276991010177881
"N09",96,0.0812478837324306
"N09",97,0.409312853568649
"N09",98,0.0689274733886123
"N09",99,0.00633438863007632
"N09",100,0.041126663738396
"N09",101,0.0450906521823774
"N09",102,0.0798277138383128
"N09",103,0.0349458096316084
"N09",104,0.31276484367725
"N09",105,0.0751308411709033
"N09",106,0.0396947608678602
"N09",107,0.0303814242361113
"N09",108,0.00319175809693288
"N09",109,0.15578484762811
"N09",110,0.220843838982958
"N09",111,0.140201669879594
"N09",112,0.0159217939944938
"N09",113,0.0792375922319479
"N09",114,0.00383477211071058
"N09",115,0.161039737047964
"N09",116,0.0338441274943762
"N09",117,0.0782833402627148
"N09",118,0.0613032261026092
"N09",119,0.148498607677744
"N09",120,0.0314239005092531
"N09",121,0.036638421472162
"N09",122,0.276317205497143
"N09",123,0.0507684782496653
"N09",124,0.0197922099032439
"N09",125,0.23907055169225
"N09",126,0.12908764385674
"N09",127,0.0965471854367114
"N09",128,0.0134522439329885
"N09",129,0.0462060068384744
"N09",130,0.0962389212747678
"N09",131,0.275835921526668
"N09",132,0.129305657343344
"N09",133,0.569493325861329
"N09",134,0.0489969672494423
"N09",135,0.0732066667405888
"N09",136,0.119237766013818
"N09",137,0.0091048086178489
"N09",138,0.188321460726413
"N09",139,0.199093309453431
"N09",140,0.0490185781736212
"N09",141,0.201652928129396
"N09",142,0.0854101876611821
"N09",143,0.0186563961324282
"N09",144,0.0517868355382234
"N09",145,0.0995137289812431
"N09",146,0.0290923536416094
"N09",147,0.018956255633384
"N09",148,0.0696796823176555
"N09",149,0.0566221415065229
"N09",150,0.228987922415811
"N09",151,0.0103300361410221
"N09",152,0.0274981194887116
"N09",153,0.45914306558837
"N09",154,0.176010791767345
"N09",155,0.006903705125159
"N09",156,0.465500366614953
"N09",157,0.0733444219804369
"N09",158,0.00603015162966174
"N09",159,0.133038943227276
"N09",160,0.054342727700714
"N09",161,0.0522871272987686
"N09",162,0.416353370589982
"N09",163,0.191460567438644
"N09",164,0.112403163074303
"N09",165,0.0454702308634296
"N09",166,0.0165127273648977
"N09",167,0.0262108671473405
"N09",168,0.0335875483223707
"N09",169,0.429537543074644
"N09",170,0.192588082896814
"N09",171,0.0819897913024761
"N09",172,0.11775985545885
"N09",173,0.0743789754924364
"N09",174,0.0324446304557559
"N09",175,0.154901819298381
"N09",176,0.371513729812311
"N09",177,0.0054688390227966
"N09",178,0.0244484851620729
"N09",179,0.0221262710983865
"N09",180,0.136537723936477
"N09",181,0.201650032886448
"N09",182,0.0432628816924989
"N09",183,0.100483840872206
"N09",184,0.451934551949965
"N09",185,0.0238539777928963
"N09",186,0.0368525526137091
"N09",187,0.188453805855218
"N09",188,0.041216699348297
"N09",189,0.0691918372792345
"N09",190,0.114575796803397
"N09",191,0.104464623839
"N09",192,0.131508002401666
"N09",193,0.278742927852928
"N09",194,0.0745881430921145
"N09",195,0.22262968168475
"N09",196,0.218375224609602
"N09",197,0.0525179833639413
"N09",198,0.173485200375992
"N09",199,0.205382338016036
"N09",200,0.0871946115292415
"N10",1,0.00511405945251243
"N10",2,0.0266957367129806
"N10",3,0.0249377206200734
"N10",4,0.00869355187751353
"N10",5,0.0552896484563126
"N10",6,0.132658101159543
"N10",7,0.0110951117239892
"N10",8,0.160151702579448
"N10",9,0.137370788885529
"N10",10,0.25464174732447
"N10",11,0.100286545808764
"N10",12,0.136264152930446
"N10",13,0.200082990796047
"N10",14,0.112142027669575
"N10",15,0.000125665974337608
"N10",16,0.581949660988683
"N10",17,0.281807151840147
"N10",18,0.091850951541552
"N10",19,0.11809563950576
"N10",20,0.227330223879519
"N10",21,0.155874177086351
"N10",22,0.16427954006415
"N10",23,0.0704702063812874
"N10",24,0.0815609085839242
"N10",25,0.389169503913677
"N10",26,0.082436150405556
"N10",27,0.108924053371289
"N10",28,0.160710311140271
"N10",29,0.0580255462555215
"N10",30,0.124500866972247
"N10",31,0.0967918247863293
"N10",32,0.0302574487153676
"N10",33,0.0739967655390501
"N10",34,0.116688639354735
"N10",35,0.0538658637087792
"N10",36,0.0463504093484632
"N10",37,0.0607176537741907
"N10",38,0.284346168612209
"N10",39,0.0709944049012847
"N10",40,0.211533926813622
"N10",41,0.301469677344975
"N10",42,0.0719385035336018
"N10",43,0.0504941868712194
"N10",44,0.313113472175863
"N10",45,0.0251468071364798
"N10",46,0.00355189951369539
"N10",47,0.112982701006148
"N10",48,0.186644684744111
"N10",49,0.156290801120327
"N10",50,0.0300851768881217
"N10",51,0.0881857044243828
"N10",52,0.0961874084255097
"N10",53,0.248932675215158
"N10",54,0.23693745372698
"N10",55,0.112539221876638
"N10",56,0.0255200075334869
"N10",57,0.0163576341413485
"N10",58,0.206618956978175
"N10",59,0.167426132941024
"N10",60,0.153957766824739
"N10",61,0.119388452725822
"N10",62,0.116427751495811
"N10",63,0.196403451486233
"N10",64,0.0450450570788234
"N10",65,0.0355807149317116
"N10",66,0.00949664798099548
"N10",67,0.147598930862138
"N10",68,0.0796470502973534
"N10",69,0.0351255155983381
"N10",70,0.0778951415559277
"N10",71,0.185547284843806
"N10",72,0.046596844389569
"N10",73,0.187560617976318
"N10",74,0.179835076433349
"N10",75,0.048641451576259
"N10",76,0.0388158335103287
"N10",77,0.399406769061178
"N10",78,0.0161631543427711
"N10",79,0.226100917196575
"N10",80,0.110589811456727
"N10",81,0.165881729097442
"N10",82,0.0635127191781066
"N10",83,0.0480212470283732
"N10",84,0.158400989481585
"N10",85,0.128711357707495
"N10",86,0.0580184248096494
"N10",87,0.106712979026476
"N10",88,0.331289394975719
"N10",89,0.0560638828319497
"N10",90,0.0355998656596057
"N10",91,0.115194442676717
"N10",92,0.0251723793917336
"N10",93,0.217969311267048
"N10",94,0.14538331997249
"N10",95,0.39529074912653
"N10",96,0.108750059496948
"N10",97,0.0185937439091504
"N10",98,0.0031539088813588
"N10",99,0.0458386667305604
"N10",100,0.288474759401843
"N10",101,0.0845904523739591
"N10",102,0.0493243797682226
"N10",103,0.248258395808491
"N10",104,0.0160352154251404
"N10",105,0.0659776603570208
"N10",106,0.134800599766301
"N10",107,0.186519443795334
"N10",108,0.406142720931625
"N10",109,0.0132573306120705
"N10",110,0.306803093974558
"N10",111,0.22267148712531
"N10",112,0.314658641232316
"N10",113,0.0552029858226888
"N10",114,0.0125432333698599
"N10",115,0.100926344161259
"N10",116,0.0632124450057745
"N10",117,0.0915069172571987
"N10",118,0.119263504859397
"N10",119,0.174455102988261
"N10",120,0.109437254252249
"N10",121,0.14015384716388
"N10",122,0.386828575262284
"N10",123,0.226905542182478
"N10",124,0.0942969554282488
"N10",125,0.454686682699577
"N10",126,0.0626493041636422
"N10",127,0.000722845317795873
"N10",128,0.0436847867094912
"N10",129,0.019236218674981
"N10",130,0.0578566568848443
"N10",131,0.192750726824307
"N10",132,0.0597482135599575
"N10",133,0.0699563865782693
"N10",134,0.29035890844378
"N10",135,0.192704199104312
"N10",136,0.0290872949990444
"N10",137,0.0586146141557976
"N10",138,0.199420046560957
"N10",139,0.459259549828068
"N10",140,0.141604798840696
"N10",141,0.128157432470644
"N10",142,0.155674315168859
"N10",143,0.0803474283893593
"N10",144,0.024989151785899
"N10",145,0.210237229465249
"N10",146,0.0299515357473865
"N10",147,0.206596306514669
"N10",148,0.278658513543611
"N10",149,0.095944772236386
"N10",150,0.0464161218842492
"N10",151,0.066294495947659
"N10",152,0.0307410876266658
"N10",153,0.0553138883551583
"N10",154,0.284899949016873
"N10",155,0.023457599512767
"N10",156,0.0348688583540563
"N10",157,0.343752623287109
"N10",158,0.280885102312527
"N10",159,0.0470901492517442
"N10",160,0.0497280683929444
"N10",161,0.00154944185830628
"N10",162,0.0468262314097956
"N10",163,0.0631099758306232
"N10",164,0.197818441771644
"N10",165,0.38246596881882
"N10",166,0.0291405159514397
"N10",167,0.159227331163698
"N10",168,0.197956457025114
"N10",169,0.134319029859604
"N10",170,0.285502637022254
"N10",171,0.166685065598564
"N10",172,0.0411319088889286
"N10",173,0.0820251693949103
"N10",174,0.211322039820927
"N10",175,0.0355370853212662
"N10",176,0.033233406371437
"N10",177,0.0433645274606533
"N10",178,0.0581829936127178
"N10",179,0.118109212950209
"N10",180,0.240624394490126
"N10",181,0.159832125919258
"N10",182,0.0433226210298017
"N10",183,0.0287920833049876
"N10",184,0.0349109170135096
"N10",185,0.0277628146025024
"N10",186,0.0434567361953668
"N10",187,0.13106699194234
"N10",188,0.0731020776438527
"N10",189,0.00432380337500866
"N10",190,0.117326460773462
"N10",191,0.0352287978808635
"N10",192,0.0230569224939975
"N10",193,0.0875849937834883
"N10",194,0.11425232537497
"N10",195,0.0602110173786059
"N10",196,0.0155279367408125
"N10",197,0.110621179332362
"N10",198,0.123747878120618
"N10",199,0.111999519164079
"N10",200,0.177428411076519
"N11",1,0.156057286187412
"N11",2,0.533543924303883
"N11",3,0.242243624747473
"N11",4,0.0329388186801225
"N11",5,0.201286254654696
"N11",6,0.00272450426672034
"N11",7,0.153338943370023
"N11",8,0.152428051102312
"N11",9,0.228461407812986
"N11",10,0.25848785252915
"N11",11,0.0360530949546956
"N11",12,0.0250869167239672
"N11",13,0.107548252208495
"N11",14,0.0353318995912559
"N11",15,0.0746066031279042
"N11",16,0.220332816931161
"N11",17,0.0138729918131036
"N11",18,0.017287569353357
"N11",19,0.0318069512723014
"N11",20,0.148854666661209
"N11",21,0.135001743556337
"N11",22,0.29406662819263
"N11",23,0.0356863272027113
"N11",24,0.0783101012930274
"N11",25,0.00458905409323052
"N11",26,0.0818040015874431
"N11",27,0.0818901813472621
"N11",28,0.236456358329135
"N11",29,0.0694894742919132
"N11",30,0.0941594362398802
"N11",31,0.104458863492461
"N11",32,0.110034049134107
"N11",33,0.0126164329703897
"N11",34,0.112023755786346
"N11",35,0.00180903682485223
"N11",36,0.053086162195541
"N11",37,0.296699998018331
"N11",38,0.0767901262734085
"N11",39,0.0299692627131732
"N11",40,0.178809620196673
"N11",41,0.0180975153205615
"N11",42,0.0232730327041017
"N11",43,0.0542316576825519
"N11",44,0.0488712665974163
"N11",45,0.00160476141594824
"N11",46,0.527959819790345
"N11",47,0.0227803160669282
"N11",48,0.0191521577653475
"N11",49,0.21892469235577
"N11",50,0.202044328664172
"N11",51,0.028564274776727
"N11",52,0.0980616565229176
"N11",53,0.156644315686414
"N11",54,0.0895946792112739
"N11",55,0.263177218539506
"N11",56,0.116581991897886
"N11",57,0.238801192714575
"N11",58,0.106856384317406
"N11",59,0.0966898363496751
"N11",60,0.0265271841852828
"N11",61,0.213745267119932
"N11",62,0.00525416263093962
"N11",63,0.0165309870927666
"N11",64,0.0461158450925723
"N11",65,0.230888881939897
"N11",66,0.148465929082
"N11",67,0.294744603552935
"N11",68,0.104927097191404
"N11",69,0.220264074614945
"N11",70,0.0773058058694005
"N11",71,0.185074899567965
"N11",72,0.356658983954644
"N11",73,0.386618385070419
"N11",74,0.0434088623151183
"N11",75,0.0550931582693011
"N11",76,0.0143051469349302
"N11",77,0.0438838621485047
"N11",78,0.00784554263075414
"N11",79,0.0132307708496592
"N11",80,0.255031741446558
"N11",81,0.118473240401933
"N11",82,0.024142035661778
"N11",83,0.261184327987102
"N11",84,0.105148503400994
"N11",85,0.0210832455777563
"N11",86,0.103424815239597
"N11",87,0.143432527658866
"N11",88,0.104540426045993
"N11",89,0.0119695393368602
"N11",90,0.0414047934464179
"N11",91,0.167971341632643
"N11",92,0.358353553318834
"N11",93,0.0763561982894316
"N11",94,0.072762866911944
"N11",95,0.120737480576487
"N11",96,0.0133201917733621
"N11",97,0.0038983984850347
"N11",98,0.00429537246236578
"N11",99,0.0602069313172251
"N11",100,0.0364036972088214
"N11",101,0.0462270418647677
"N11",102,0.0660206038155593
"N11",103,0.0593449695152231
"N11",104,0.0344200603939421
"N11",105,0.235586505605581
"N11",106,0.0137979575665668
"N11",107,0.0971688167864984
"N11",108,0.249668030756268
"N11",109,0.255807691708881
"N11",110,0.245060403122309
"N11",111,0.16427732980285
"N11",112,0.0235082375002094
"N11",113,0.0168142031958681
"N11",114,0.00595503702168846
"N11",115,0.0834513569716364
"N11",116,0.202505328048193
"N11",117,0.0222523116972297
"N11",118,0.0873481857908244
"N11",119,0.0570910631213337
"N11",120,0.132942509482951
"N11",121,0.263543687512246
"N11",122,0.371620260809057
"N11",123,0.337627902378407
"N11",124,0.0858150245039724
"N11",125,0.198335664801973
"N11",126,0.046531954046646
"N11",127,0.245695774665776
"N11",128,0.0812618032214232
"N11",129,0.271714459138323
"N11",130,0.0611888992134482
"N11",131,0.000425498117692769
"N11",132,0.0931420720879251
"N11",133,0.101154639496805
"N11",134,0.0108531034504364
"N11",135,0.0993870478070915
"N11",136,0.132181232058025
"N11",137,0.240236568486992
"N11",138,0.314147492622104
"N11",139,0.0557576668215916
"N11",140,0.119004569161332
"N11",141,0.092598242097871
"N11",142,0.372887100254336
"N11",143,0.198850658478889
"N11",144,0.0980456768249735
"N11",145,0.126656405622476
"N11",146,0.000293637625873089
"N11",147,0.033761982055016
"N11",148,0.163341721863823
"N11",149,0.116940850139135
"N11",150,0.0467257569544017
"N11",151,0.236616556755009
"N11",152,0.0750977945281193
"N11",153,0.00150314444908872
"N11",154,0.0986281341592525
"N11",155,0.0413546313066036
"N11",156,0.0948061429610118
"N11",157,0.0973766016488537
"N11",158,0.0828701634891331
"N11",159,0.0434509321348742
"N11",160,0.0395720001542941
"N11",161,0.0714848188217729
"N11",162,0.0238082183641382
"N11",163,0.11180741372665
"N11",164,0.0974904878623321
"N11",165,0.461560633347658
"N11",166,0.22325838213305
"N11",167,0.0488381397556384
"N11",168,0.0461951305042021
"N11",169,0.00789266626816243
"N11",170,0.222159971239719
"N11",171,0.0137613960021796
"N11",172,0.0543902844074182
"N11",173,0.368397923165417
"N11",174,0.266926058785138
"N11",175,0.0786174520617351
"N11",176,0.0180417046067305
"N11",177,0.227255625246258
"N11",178,0.281647207432506
"N11",179,0.102880837390536
"N11",180,0.00446241797180846
"N11",181,0.0190701773972251
"N11",182,0.0379119066026377
"N11",183,0.0327592297107913
"N11",184,0.0397256213473156
"N11",185,0.214921602334767
"N11",186,0.0541007244028151
"N11",187,0.270992335149166
"N11",188,0.00766377554279536
"N11",189,0.0513069399166852
"N11",190,0.0202461848384701
"N11",191,0.0998780673782915
"N11",192,0.0236959104076959
"N11",193,0.108706528315657
"N11",194,0.009277171746362
"N11",195,0.00032769946847111
"N11",196,0.15853436209202
"N11",197,0.0734359479974955
"N11",198,0.0306867642793804
"N11",199,0.446890842841759
"N11",200,0.142653627713801
"N12",1,0.239476520091969
"N12",2,0.00449659663718194
"N12",3,0.182973988576534
"N12",4,0.201016085916059
"N12",5,0.137865082006307
"N12",6,0.103874522605316
"N12",7,0.152147475159133
"N12",8,0.197760156810957
"N12",9,0.00776324106846005
"N12",10,0.0960530742251888
"N12",11,0.00831376572453405
"N12",12,0.232273607737127
"N12",13,0.00462217506719753
"N12",14,0.105691752856934
"N12",15,0.236377526762638
"N12",16,0.135637727444397
"N12",17,0.0742292379727587
"N12",18,0.0211131289135716
"N12",19,0.269479001669294
"N12",20,0.0540180950192735
"N12",21,0.146902009257452
"N12",22,0.0600099024013616
"N12",23,0.0636854665935971
"N12",24,0.077619525953196
"N12",25,0.0532652246765792
"N12",26,0.0133103118291733
"N12",27,0.021603589237202
"N12",28,0.174744649081233
"N12",29,0.0415416683536023
"N12",30,0.0531217163079418
"N12",31,0.0633203047327697
"N12",32,0.28071305596557
"N12",33,0.0376982119050808
"N12",34,0.0439350821652046
"N12",35,0.431156164014196
"N12",36,0.168394216098228
"N12",37,0.140490847285242
"N12",38,0.039992768317461
"N12",39,0.283626401627006
"N12",40,0.139380336384626
"N12",41,0.0445200228132308
"N12",42,0.41237338723377
"N12",43,0.0344101024093106
"N12",44,0.0677090757526457
"N12",45,0.088238670967421
"N12",46,0.0097678638367999
"N12",47,0.162437273649836
"N12",48,0.170807928540149
"N12",49,0.151479161394359
"N12",50,0.140918588959017
"N12",51,0.203436685249883
"N12",52,0.0553089255699888
"N12",53,0.0307966217515059
"N12",54,0.114869534178097
"N12",55,0.112856574933381
"N12",56,0.0447180622140877
"N12",57,0.201472175064239
"N12",58,0.0704349323641509
"N12",59,0.286307725118081
"N12",60,0.024018592854572
"N12",61,0.035451338510029
"N12",62,0.142158188735472
"N12",63,0.105346236139873
"N12",64,0.433106394463635
"N12",65,0.00813563732386425
"N12",66,0.0692502080928534
"N12",67,0.0420444476767443
"N12",68,0.0141711328178644
"N12",69,0.124950399480304
"N12",70,0.0174540330772288
"N12",71,0.137602238794194
"N12",72,0.275847587710217
"N12",73,0.159130303416738
"N12",74,0.352261880391693
"N12",75,0.0439637990116115
"N12",76,0.00765858119625613
"N12",77,0.197728418052373
"N12",78,0.0696164888795465
"N12",79,0.0535567186889239
"N12",80,0.181298642313832
"N12",81,0.14330653740965
"N12",82,0.288177774970499
"N12",83,0.0988454372532675
"N12",84,0.0768000929383561
"N12",85,0.179732773442495
"N12",86,0.184392759860883
"N12",87,0.203273208837529
"N12",88,0.165029424549626
"N12",89,0.130100238248111
"N12",90,0.328860489402977
"N12",91,0.0346120801987126
"N12",92,0.198404059269208
"N12",93,0.0301815081038512
"N12",94,0.0361008339677937
"N12",95,0.0691963860881515
"N12",96,0.0649049712228589
"N12",97,0.00988342029989173
"N12",98,0.106489347542863
"N12",99,0.0613720730761997
"N12",100,0.121328929433936
"N12",101,0.166089075495826
"N12",102,0.0363259658915922
"N12",103,0.113633667612953
"N12",104,0.00881559535628185
"N12",105,0.00611722242319956
"N12",106,0.0815483622136526
"N12",107,0.0590210457448848
"N12",108,0.131555839203635
"N12",109,0.124640550691971
"N12",110,0.0877140582253799
"N12",111,0.145487463096494
"N12",112,0.146157555742526
"N12",113,0.0351120596751571
"N12",114,0.0459559233859181
"N12",115,0.131406419905239
"N12",116,0.0581889468707488
"N12",117,0.104707667948084
"N12",118,0.297305258673695
"N12",119,0.0669854885200039
"N12",120,0.104334264173509
"N12",121,0.118388850163972
"N12",122,0.0150539540336467
"N12",123,0.0284043507248624
"N12",124,0.362299760782576
"N12",125,0.0320763446350076
"N12",126,0.00131530026337829
"N12",127,0.121653162562201
"N12",128,0.0124734984710813
"N12",129,0.0101821200805716
"N12",130,0.0383508264946743
"N12",131,0.348254977704442
"N12",132,0.139913762914354
"N12",133,0.413593852871513
"N12",134,0.0280470057041384
"N12",135,0.175475753600451
"N12",136,0.0435157099592547
"N12",137,0.293933499821541
"N12",138,0.0308198064449243
"N12",139,0.035778689706265
"N12",140,0.0864340129774064
"N12",141,0.111898627825418
"N12",142,0.117487785374772
"N12",143,0.0141466521308757
"N12",144,0.0434704555966462
"N12",145,0.0237655400997028
"N12",146,0.37494350967691
"N12",147,0.0336509200884899
"N12",148,0.0797855433775112
"N12",149,0.161020730267616
"N12",150,0.0173776809824631
"N12",151,0.00592554441341338
"N12",152,0.261282339909193
"N12",153,0.10851537703477
"N12",154,0.0284903178107925
"N12",155,0.470338261720573
"N12",156,0.0308152863757622
"N12",157,0.0906449340929851
"N12",158,0.0208862556610256
"N12",159,0.0128772188909352
"N12",160,0.0172173703322187
"N12",161,0.311224717271912
"N12",162,0.0665239694644697
"N12",163,0.17784920426898
"N12",164,0.0639856796478853
"N12",165,0.113880893443117
"N12",166,0.033760076505132
"N12",167,0.172283812071534
"N12",168,0.664423009576771
"N12",169,0.0229774943436496
"N12",170,0.0960904796883309
"N12",171,0.0505431086639874
"N12",172,0.209561834566969
"N12",173,0.0952965385460869
"N12",174,0.0931385172245667
"N12",175,0.0415943217813037
"N12",176,0.194221469796005
"N12",177,0.206999471400607
"N12",178,0.0250305767403916
"N12",179,0.0443887960864231
"N12",180,0.0393967563147905
"N12",181,0.17643137112141
"N12",182,0.239457628679204
"N12",183,0.273447835569349
"N12",184,0.076865297392942
"N12",185,0.0609526498592459
"N12",186,0.0474454095819965
"N12",187,0.0426906003267504
"N12",188,0.0643921411246993
"N12",189,0.100036573294275
"N12",190,0.115801714472225
"N12",191,0.00198935973457992
"N12",192,0.264570954938498
"N12",193,0.00465716104970885
"N12",194,0.0852622048114426
"N12",195,0.0479400161236764
"N12",196,0.132385504426771
"N12",197,0.181482423319224
"N12",198,0.0361637706352913
"N12",199,0.116521751270035
"N12",200,0.237189390453252
"N13",1,0.0733599665691145
"N13",2,0.024419680587016
"N13",3,0.00583181868210195
"N13",4,0.0464555574581027
"N13",5,0.177897725010964
"N13",6,0.161181630561465
"N13",7,0.0160881871706806
"N13",8,0.0486336023673382
"N13",9,0.0103217539979779
"N13",10,0.00694765694213468
"N13",11,0.105215180552164
"N13",12,0.0880734567710772
"N13",13,0.0211130668808647
"N13",14,0.267475628511128
"N13",15,0.819276633158956
"N13",16,0.0453893601661548
"N13",17,0.472808359863058
"N13",18,0.291306112644342
"N13",19,0.0862041432992555
"N13",20,0.0447060220758431
"N13",21,0.0827397960238159
"N13",22,0.260842579634008
"N13",23,0.237788158924061
"N13",24,0.028422030271031
"N13",25,0.121299799992108
"N13",26,0.13800736124146
"N13",27,0.0418543271662683
"N13",28,0.0143779174909483
"N13",29,0.374382065413058
"N13",30,0.111536576628463
"N13",31,0.102023212593035
"N13",32,0.0286975686904043
"N13",33,0.117038105842063
"N13",34,0.0792526270961389
"N13",35,0.0393288914929144
"N13",36,0.0312675728346221
"N13",37,0.00619193905731663
"N13",38,0.258404496115375
"N13",39,0.079193738871254
"N13",40,5.34445862285793e-05
"N13",41,0.0401847391709675
"N13",42,0.080271185899619
"N13",43,0.312645805751053
"N13",44,0.293090548583385
"N13",45,0.0334240270312876
"N13",46,0.107731842197815
"N13",47,0.0337552427612159
"N13",48,0.0227123177952873
"N13",49,0.176393595258838
"N13",50,0.0506222045514733
"N13",51,0.0959695980365962
"N13",52,0.105959880044089
"N13",53,0.0703143919818103
"N13",54,0.154289081148026
"N13",55,0.163133598160335
"N13",56,0.395327646264291
"N13",57,0.0222358536557294
"N13",58,0.144175811083393
"N13",59,0.0539137806682864
"N13",60,0.363700227790928
"N13",61,0.113320564232348
"N13",62,0.0272964818286709
"N13",63,0.0108691533096135
"N13",64,0.440441713121087
"N13",65,0.21998794422366
"N13",66,0.195320347313511
"N13",67,0.0039900373085402
"N13",68,0.0428099933778867
"N13",69,0.103879714845085
"N13",70,0.0181955209657057
"N13",71,0.269469193178714
"N13",72,0.0764831436681561
"N13",73,0.133387124859133
"N13",74,0.0551074368413538
"N13",75,0.101456414585508
"N13",76,0.0511938713406839
"N13",77,0.4483609318005
"N13",78,0.167503271595912
"N13",79,0.0709599832831099
"N13",80,0.451412356199518
"N13",81,0.187403896813023
"N13",82,0.180835990685103
"N13",83,0.0474293413572013
"N13",84,0.014326157097691
"N13",85,0.213826982225968
"N13",86,0.0989019896176584
"N13",87,0.206583767653185
"N13",88,0.0464089582985679
"N13",89,0.062478055304382
"N13",90,0.0959222510016231
"N13",91,0.106067072944121
"N13",92,0.311452229724345
"N13",93,0.131629378646018
"N13",94,0.0811368068680167
"N13",95,0.00184613949386403
"N13",96,0.00296738621545956
"N13",97,0.19136781159627
"N13",98,0.0625255458871834
"N13",99,0.0298301519360393
"N13",100,0.502425276415244
"N13",101,0.53096280104124
"N13",102,0.108366123162547
"N13",103,0.118398425794865
"N13",104,0.153561925161035
"N13",105,0.550741602678296
"N13",106,0.0200288967917885
"N13",107,0.167934626102784
"N13",108,0.161583606497721
"N13",109,0.290280387022612
"N13",110,0.186451351026747
"N13",111,0.0323051756131463
"N13",112,0.139203946682961
"N13",113,0.0731482557603158
"N13",114,0.147702580078086
"N13",115,0.043282238941174
"N13",116,0.288235953451685
"N13",117,0.125146695058198
"N13",118,0.0224365588510409
"N13",119,0.00904872903445597
"N13",120,0.282802080616309
"N13",121,0.0684316753176972
"N13",122,0.301805202004375
"N13",123,0.132126094302499
"N13",124,0.0119969613697698
"N13",125,0.289763370652874
"N13",126,0.18363597964749
"N13",127,0.112185956166287
"N13",128,0.0531417845049873
"N13",129,0.000896888767542762
"N13",130,0.370436643229282
"N13",131,0.0541996127360287
"N13",132,0.0113805184955709
"N13",133,0.0650729222688824
"N13",134,0.0665867141215131
"N13",135,0.00275861169211566
"N13",136,0.0092223976389505
"N13",137,0.705147475718685
"N13",138,0.111662833743586
"N13",139,0.0912947723298394
"N13",140,0.0487065291381441
"N13",141,0.0932679187919587
"N13",142,0.0771506162709557
"N13",143,0.194927934779528
"N13",144,0.713599169623815
"N13",145,0.0237634739163518
"N13",146,0.042463415422022
"N13",147,0.0172547523593005
"N13",148,0.0583060781355016
"N13",149,0.153670727619307
"N13",150,0.121585224982688
"N13",151,0.162382614793593
"N13",152,0.245320192294869
"N13",153,0.0227062707663233
"N13",154,0.0979726090974748
"N13",155,0.0207436452462958
"N13",156,0.0460714983637445
"N13",157,0.529127903024985
"N13",158,0.141186711955221
"N13",159,0.176598318841982
"N13",160,0.0529311998398043
"N13",161,0.0472358877304941
"N13",162,0.229555621034208
"N13",163,0.0842237129691057
"N13",164,0.0738360384711996
"N13",165,0.180350462806187
"N13",166,0.102127686605393
"N13",167,0.104086216883139
"N13",168,0.0666186364533856
"N13",169,0.0642985932063311
"N13",170,0.0808669867692515
"N13",171,0.0495404283283278
"N13",172,0.347613262805465
"N13",173,0.180947550561953
"N13",174,0.0249156986828893
"N13",175,0.0869516663899288
"N13",176,0.00213115266524255
"N13",177,0.0584508575848304
"N13",178,0.146812759334558
"N13",179,0.0438418684643693
"N13",180,0.300029192129372
"N13",181,0.206721663540935
"N13",182,0.171823923121543
"N13",183,0.0711179218487814
"N13",184,0.0225316998354862
"N13",185,0.0726648223173067
"N13",186,0.146625123679975
"N13",187,0.300060328313229
"N13",188,0.129513772664928
"N13",189,0.186889198132533
"N13",190,0.20883878552236
"N13",191,0.113815353130327
"N13",192,0.037130938784685
"N13",193,0.299476889924799
"N13",194,0.311145148457107
"N13",195,0.0968278536986202
"N13",196,0.0299183472961638
"N13",197,0.255385221437293
"N13",198,0.493323980571523
"N13",199,0.0674590759444982
"N13",200,0.165566531004721
"N14",1,0.176174365761804
"N14",2,0.163341622212307
"N14",3,0.0036982576129958
"N14",4,0.193359263664773
"N14",5,0.084992672142107
"N14",6,0.018579103890596
"N14",7,0.187757705560628
"N14",8,0.0966986372517484
"N14",9,0.128029484132111
"N14",10,0.176718430143937
"N14",11,0.0958641833806053
"N14",12,0.119103121216746
"N14",13,0.0307932863905148
"N14",14,0.247578682833093
"N14",15,0.122073865956032
"N14",16,0.0985380937759296
"N14",17,0.0979572316929142
"N14",18,0.0533440777799115
"N14",19,0.0557259874185547
"N14",20,0.212038711783131
"N14",21,0.0659941442427225
"N14",22,0.0299015661881131
"N14",23,0.327822475445536
"N14",24,0.0295318082253199
"N14",25,0.218744674919847
"N14",26,0.194994326670396
"N14",27,0.105462634465063
"N14",28,0.470501106904641
"N14",29,0.283485077072945
"N14",30,0.0249548456049524
"N14",31,0.113918728655541
"N14",32,0.159562797280365
"N14",33,0.420856406891203
"N14",34,0.0291266358204027
"N14",35,0.100646044122392
"N14",36,0.086252374574542
"N14",37,0.203405156022611
"N14",38,0.290035621027596
"N14",39,0.233370732039887
"N14",40,0.496236583890215
"N14",41,0.117214212240832
"N14",42,0.0137348205248159
"N14",43,0.272489587183593
"N14",44,0.106648191195431
"N14",45,0.015290571609512
"N14",46,0.306737696323214
"N14",47,0.102077159281137
"N14",48,0.0110302416724153
"N14",49,0.0849683157284744
"N14",50,0.00387127818726376
"N14",51,0.183559479647058
"N14",52,0.245315899780937
"N14",53,0.0124442090746015
"N14",54,0.0588690980803221
"N14",55,0.0464487794433256
"N14",56,0.171351563762279
"N14",57,0.331693328668442
"N14",58,0.0235178942568497
"N14",59,0.51379243537952
"N14",60,0.139615419431926
"N14",61,0.0759720289497636
"N14",62,0.0784016170073301
"N14",63,0.0385442347032949
"N14",64,0.0548115426790901
"N14",65,0.0797115689492784
"N14",66,0.0339450124301948
"N14",67,0.0184490821557119
"N14",68,0.201702925366092
"N14",69,0.195623715863305
"N14",70,0.302005544056264
"N14",71,0.147583096632139
"N14",72,0.0398311336757615
"N14",73,0.264508831911986
"N14",74,0.0303365823165131
"N14",75,0.236334811652753
"N14",76,0.0857134818797931
"N14",77,0.140236078523436
"N14",78,0.0155726213124581
"N14",79,0.0615048305480741
"N14",80,0.0372308643418364
"N14",81,0.0350433982675895
"N14",82,0.113385785831475
"N14",83,0.874396381381542
"N14",84,0.0250785932056117
"N14",85,0.0926662570582667
"N14",86,0.047397986898488
"N14",87,0.0115291959955357
"N14",88,0.0836844047298655
"N14",89,0.359786131398237
"N14",90,0.00837303407024592
"N14",91,0.113096839975902
"N14",92,0.111566982095932
"N14",93,0.102360908119108
"N14",94,0.00893485540291294
"N14",95,0.0328093035118262
"N14",96,0.0947196937579304
"N14",97,0.110960897402243
"N14",98,0.0462471770588309
"N14",99,0.150602948380971
"N14",100,0.547956334861153
"N14",101,0.0490884623141028
"N14",102,0.346270291817454
"N14",103,0.19723117094368
"N14",104,0.334168590356675
"N14",105,0.0708481880137697
"N14",106,0.0103572441730648
"N14",107,0.0797654610942118
"N14",108,0.09145937747936
"N14",109,0.129634804436342
"N14",110,0.0863291021087207
"N14",111,0.424761477836824
"N14",112,0.0702297448879108
"N14",113,0.148947994568722
"N14",114,0.0108800992573876
"N14",115,0.0537551452289335
"N14",116,0.0381398689933121
"N14",117,0.0142416976204944
"N14",118,0.323480394885954
"N14",119,0.0198428897419944
"N14",120,0.00630983055720795
"N14",121,0.104141101701771
"N14",122,0.300959413622585
"N14",123,0.261304573064646
"N14",124,0.169768465561198
"N14",125,0.0985934243019313
"N14",126,0.116956813837738
"N14",127,0.0771840886445716
"N14",128,0.00501878122914911
"N14",129,0.454689615848039
"N14",130,0.0143006704708497
"N14",131,0.304144791544494
"N14",132,0.0915090838627532
"N14",133,0.169726750808173
"N14",134,0.212134420321835
"N14",135,0.0503523286787644
"N14",136,0.0369006456015949
"N14",137,0.259620078363198
"N14",138,0.236414877687323
"N14",139,0.082992579205893
"N14",140,0.00462495838291943
"N14",141,0.0143335919710808
"N14",142,0.20692076599666
"N14",143,0.0863015131908469
"N14",144,0.0912520127551273
"N14",145,0.152216522483492
"N14",146,0.0008567696204409
"N14",147,0.00991048441342693
"N14",148,0.00684179858166402
"N14",149,0.27871854904395
"N14",150,0.0695990858366713
"N14",151,0.209989128572457
"N14",152,0.303006752611217
"N14",153,0.217571764386451
"N14",154,0.221582480928603
"N14",155,0.0589944123057649
"N14",156,0.00983468431882557
"N14",157,0.144006276963615
"N14",158,0.0825295285321772
"N14",159,0.736201327277009
"N14",160,0.296126176354554
"N14",161,0.111850429787806
"N14",162,0.244618967630643
"N14",163,0.0160724825691432
"N14",164,0.000200283074306396
"N14",165,0.0707941448199563
"N14",166,0.0397530487389304
"N14",167,0.131022047944704
"N14",168,0.0423657239880413
"N14",169,0.00439296350883394
"N14",170,0.130364666804077
"N14",171,0.161968609545717
"N14",172,0.0414605167122981
"N14",173,0.11112698749114
"N14",174,0.0546998946353464
"N14",175,0.154028478841286
"N14",176,0.103970729507843
"N14",177,0.0424075271606269
"N14",178,0.0103328937810545
"N14",179,0.0266301665687934
"N14",180,0.0473510412266478
"N14",181,0.0811215818976052
"N14",182,0.0186559303390283
"N14",183,0.0230958822213183
"N14",184,0.3694582786201
"N14",185,0.126193328958332
"N14",186,0.0214280802174471
"N14",187,0.22018776879527
"N14",188,0.313009784308341
"N14",189,0.13726117927056
"N14",190,0.000902824984910351
"N14",191,0.280979478307993
"N14",192,0.0498098133830354
"N14",193,0.0173015702487221
"N14",194,0.217800660281184
"N14",195,0.0815160412457772
"N14",196,0.0230201677621124
"N14",197,0.312558788557616
"N14",198,0.0500134850735425
"N14",199,0.00933450066317713
"N14",200,0.0611424747039564
"N15",1,0.0161599486018531
"N15",2,0.0165399594228034
"N15",3,0.070495008432772
"N15",4,0.221423861233631
"N15",5,0.00943882140563801
"N15",6,0.00561863877603348
"N15",7,0.140328160132618
"N15",8,0.106906495810707
"N15",9,0.0639611401129514
"N15",10,0.044209060317371
"N15",11,0.202629096329886
"N15",12,0.207645062242992
"N15",13,0.0630048892926425
"N15",14,0.164773460123093
"N15",15,0.174755633433812
"N15",16,0.190455229243937
"N15",17,0.332642902837214
"N15",18,0.0427220930606425
"N15",19,0.085827372095082
"N15",20,0.189927880039541
"N15",21,0.0121487467549741
"N15",22,0.223872861348766
"N15",23,0.126086662397427
"N15",24,0.32603817268562
"N15",25,0.0434227482691602
"N15",26,0.0353213570745129
"N15",27,0.0868157141011346
"N15",28,0.169625562885744
"N15",29,0.0792792292777449
"N15",30,0.0761611284688115
"N15",31,0.0868231427104786
"N15",32,0.453806581878812
"N15",33,0.0532539241248742
"N15",34,0.451368720011607
"N15",35,0.165672771482351
"N15",36,0.0779004351934418
"N15",37,0.00411713805304195
"N15",38,0.009740024455823
"N15",39,0.0288433493732203
"N15",40,0.0426832427619956
"N15",41,0.017096520808991
"N15",42,0.0545132819097489
"N15",43,0.202642198364361
"N15",44,0.0266067251446237
"N15",45,0.155043834908781
"N15",46,0.0718635559689144
"N15",47,0.0424808857496828
"N15",48,0.165511248162353
"N15",49,0.0345246560912715
"N15",50,0.114827069914305
"N15",51,0.139081906056368
"N15",52,0.158708947472611
"N15",53,0.0575971290818416
"N15",54,0.186972579908299
"N15",55,0.525532047474296
"N15",56,0.211970346535404
"N15",57,0.104180700606072
"N15",58,0.261366167386936
"N15",59,0.322771221616384
"N15",60,0.0642515742219985
"N15",61,0.108608754230069
"N15",62,0.0515399392461404
"N15",63,0.0778827897738665
"N15",64,0.0583694615052082
"N15",65,0.0609051603241824
"N15",66,0.0877498400233765
"N15",67,0.143990316306578
"N15",68,0.0366792837739922
"N15",69,0.0217544591478643
"N15",70,0.00541242561303079
"N15",71,0.0298397216247395
"N15",72,0.0437040223041549
"N15",73,0.271231316139606
"N15",74,0.0539920208393596
"N15",75,0.0898912806410961
"N15",76,0.0135463273036294
"N15",77,0.0381631004856899
"N15",78,0.0468779078219086
"N15",79,0.0753726417426681
"N15",80,0.00185576028889045
"N15",81,0.0793913090601563
"N15",82,0.0252645532018505
"N15",83,0.12562743428823
"N15",84,0.0210692255527136
"N15",85,0.0767926807748154
"N15",86,0.0916377939538688
"N15",87,0.126385203423565
"N15",88,0.24306090689115
"N15",89,0.0426656375057064
"N15",90,0.213974940347227
"N15",91,0.0963861013039823
"N15",92,0.0108970310539007
"N15",93,0.074029749201145
"N15",94,0.198724875568235
"N15",95,0.0870197683054596
"N15",96,0.652559554400417
"N15",97,0.0921001564658821
"N15",98,0.0949831097703294
"N15",99,0.143019829289393
"N15",100,0.0433217946556397
"N15",101,0.176021536074263
"N15",102,0.251942357969213
"N15",103,0.0826735472073779
"N15",104,0.121403196239249
"N15",105,0.722484049863964
"N15",106,0.0513651992077939
"N15",107,0.0491114229662344
"N15",108,0.311640419300149
"N15",109,0.0754117562319152
"N15",110,0.0639481907128356
"N15",111,0.00401078327558935
"N15",112,0.308951895072627
"N15",113,0.136225720629433
"N15",114,0.00384076539194211
"N15",115,0.01022368278981
"N15",116,0.0321938079532505
"N15",117,0.0232195997275065
"N15",118,0.0983916470219394
"N15",119,0.19765022000179
"N15",120,0.480646549335759
"N15",121,0.00944604470957234
"N15",122,0.196521783840561
"N15",123,0.103521930630656
"N15",124,0.00264951051212847
"N15",125,0.267570418057111
"N15",126,0.0466032454860397
"N15",127,0.0624641486792825
"N15",128,0.00583964515204568
"N15",129,0.331373396546659
"N15",130,0.311658149802205
"N15",131,0.149887181463988
"N15",132,0.0889025221608332
"N15",133,0.216742523935366
"N15",134,0.287918165077534
"N15",135,0.0379619172890671
"N15",136,0.12653525606316
"N15",137,0.0959313580283702
"N15",138,0.387175099903202
"N15",139,0.00115458981599659
"N15",140,0.103519737889467
"N15",141,0.172872086515987
"N15",142,0.147670829896221
"N15",143,0.0463542044744827
"N15",144,0.0184150588465855
"N15",145,0.077630559953701
"N15",146,0.183926448423484
"N15",147,0.0492884826962836
"N15",148,0.154632656587959
"N15",149,0.0889592715370666
"N15",150,0.0710791409946978
"N15",151,0.0763689351733774
"N15",152,0.0553938291699626
"N15",153,0.0163784336182289
"N15",154,0.0583323239115998
"N15",155,0.156931084575468
"N15",156,0.5765316597318
"N15",157,0.150402280682938
"N15",158,0.0750077427946962
"N15",159,0.0848424019059166
"N15",160,0.0378954529465866
"N15",161,0.139909004205243
"N15",162,0.103949215141462
"N15",163,0.191633843107823
"N15",164,0.196125478473234
"N15",165,0.133500871708953
"N15",166,0.0924909041925505
"N15",167,0.0610900207539089
"N15",168,0.115693925176153
"N15",169,0.234633595439348
"N15",170,0.144578319503331
"N15",171,0.0249252609792165
"N15",172,0.29869068947908
"N15",173,0.0342639364534989
"N15",174,0.0642850863514468
"N15",175,0.00928551836687469
"N15",176,0.0161985963011917
"N15",177,0.0180967967901695
"N15",178,0.127393792055594
"N15",179,0.0292718729469925
"N15",180,0.0323756743338868
"N15",181,0.219382444386113
"N15",182,0.113913693036036
"N15",183,0.224992186984721
"N15",184,0.0269801161484793
"N15",185,0.307214248140045
"N15",186,0.0242483850590354
"N15",187,0.155932961142959
"N15",188,0.00463027466240064
"N15",189,0.0570913446717896
"N15",190,0.0311041891109198
"N15",191,0.0789191970252432
"N15",192,0.0537046282684966
"N15",193,0.0525538980128583
"N15",194,0.0261784342583269
"N15",195,0.137602702825667
"N15",196,0.0784655785537325
"N15",197,0.111393099412659
"N15",198,0.0364201401825994
"N15",199,0.0179894365926476
"N15",200,0.0152181819361602
"N16",1,0.00865088024117833
"N16",2,0.0760096956741377
"N16",3,0.17095714364607
"N16",4,0.0863763769157231
"N16",5,0.0839118831208907
"N16",6,0.0818882418292083
"N16",7,0.247370461689982
"N16",8,0.0108025799272582
"N16",9,0.0476188159664162
"N16",10,0.0527300991816446
"N16",11,0.0746899035293609
"N16",12,0.0459306786651723
"N16",13,0.00572071754140779
"N16",14,0.0440778186894022
"N16",15,0.12347590868553
"N16",16,0.0294545919694092
"N16",17,0.0870304977235958
"N16",18,0.0523744411766529
"N16",19,0.0585966213257052
"N16",20,0.2830789869028
"N16",21,0.231231770117957
"N16",22,0.262164790032486
"N16",23,0.0104070116898567
"N16",24,0.0709227196639404
"N16",25,0.279528823464859
"N16",26,0.0588220731006004
"N16",27,0.241251791584048
"N16",28,0.00903045007726178
"N16",29,0.10338848735612
"N16",30,4.66105411760509e-05
"N16",31,0.129991772579366
"N16",32,0.187759576122019
"N16",33,0.0420560857112038
"N16",34,0.231453445156117
"N16",35,0.127821577470116
"N16",36,0.258343237907368
"N16",37,0.266894192617608
"N16",38,0.0352086087805219
"N16",39,0.0040877100545913
"N16",40,0.164094605245033
"N16",41,0.0693342325394042
"N16",42,0.097021696992768
"N16",43,0.0178372099180706
"N16",44,0.0157876021015131
"N16",45,0.267234372377077
"N16",46,0.163424874883482
"N16",47,0.0299120673444122
"N16",48,0.368114646950433
"N16",49,0.0257450233330019
"N16",50,0.23454393698727
"N16",51,0.141183676192874
"N16",52,0.234840089211914
"N16",53,0.301014086914328
"N16",54,0.13174262723826
"N16",55,0.0089173134206376
"N16",56,0.105306353647599
"N16",57,0.0395296773640439
"N16",58,0.0130636758787551
"N16",59,0.0343447581399232
"N16",60,0.124313490755802
"N16",61,0.0111088714222436
"N16",62,0.02774353340489
"N16",63,0.207075279140914
"N16",64,0.0259599140263163
"N16",65,0.114459330930735
"N16",66,0.462137762695748
"N16",67,0.0755639015114866
"N16",68,0.192458227945209
"N16",69,0.0580441307974979
"N16",70,0.261250411551733
"N16",71,0.172089988476934
"N16",72,0.0318275351892225
"N16",73,0.308085754265156
"N16",74,0.16073791309666
"N16",75,0.0949497917714474
"N16",76,0.47488171115686
"N16",77,0.109107964238264
"N16",78,0.0155314554175084
"N16",79,0.0855336455861107
"N16",80,0.122870264453219
"N16",81,0.160437378445046
"N16",82,0.0384099069633521
"N16",83,0.150048047648148
"N16",84,0.224014733493217
"N16",85,0.130900888364787
"N16",86,0.185646445479918
"N16",87,0.0844910580781288
"N16",88,0.0683661154471338
"N16",89,0.0725257877556441
"N16",90,0.0251035998304276
"N16",91,0.0297882286831737
"N16",92,0.0340041703311726
"N16",93,0.0797322746366262
"N16",94,0.0321540694985954
"N16",95,0.378689153263213
"N16",96,0.199391288439485
"N16",97,0.240413239215243
"N16",98,0.522353439094657
"N16",99,0.0326599658521341
"N16",100,0.282677696404777
"N16",101,0.0611137161613442
"N16",102,0.0298173277692587
"N16",103,0.00362419584343452
"N16",104,0.000377969539850797
"N16",105,0.0786703718476929
"N16",106,0.00271284667542204
"N16",107,0.133067133365536
"N16",108,0.00723411346552894
"N16",109,0.0128687172481999
"N16",110,0.0363762032842768
"N16",111,0.276778736546685
"N16",112,0.0764407034730539
"N16",113,0.139033658773975
"N16",114,0.218805929722259
"N16",115,0.00633201151657369
"N16",116,0.0784615933080204
"N16",117,0.0322280248510651
"N16",118,0.027480892080348
"N16",119,0.056113884335945
"N16",120,0.25005508189902
"N16",121,0.0331535545992665
"N16",122,0.200067445873563
"N16",123,0.0136038342607208
"N16",124,0.0394380243850456
"N16",125,0.0195022831321694
"N16",126,0.110974634177388
"N16",127,0.362275221364057
"N16",128,0.298239240174261
"N16",129,0.0303753843763843
"N16",130,0.034716485242825
"N16",131,0.0393838080926798
"N16",132,0.0335910793249151
"N16",133,0.122277352584633
"N16",134,0.0385692839627154
"N16",135,0.035851264372468
"N16",136,0.233973884592638
"N16",137,0.0171771584427916
"N16",138,0.00350196653744206
"N16",139,0.515947353767052
"N16",140,0.183274962463158
"N16",141,0.210557315255258
"N16",142,0.0129529872792773
"N16",143,0.181116022391918
"N16",144,0.247787941236723
"N16",145,0.270423616928899
"N16",146,0.00246224127885227
"N16",147,0.00691050698515028
"N16",148,0.0330829605227336
"N16",149,0.126167998527513
"N16",150,0.0612520009162836
"N16",151,0.110187987209635
"N16",152,0.205230711767225
"N16",153,0.244981280284676
"N16",154,0.227619816072959
"N16",155,0.147096144495869
"N16",156,0.0845696833566763
"N16",157,0.041377657921019
"N16",158,0.512863141225472
"N16",159,0.0732682369998656
"N16",160,0.676308019282791
"N16",161,0.217794824148271
"N16",162,0.0865592855261639
"N16",163,0.041025077633094
"N16",164,0.115041510447233
"N16",165,0.00767550384625793
"N16",166,0.121162356940579
"N16",167,0.114509078337436
"N16",168,0.123734547867776
"N16",169,0.0229267020476982
"N16",170,0.00168077024864033
"N16",171,0.0543058540206403
"N16",172,0.0505847120075487
"N16",173,0.0968183152889278
"N16",174,0.049616250575536
"N16",175,0.0132612129920748
"N16",176,0.024646965011152
"N16",177,0.244999911392781
"N16",178,0.357532925882793
"N16",179,0.134516610991547
"N16",180,0.122671112645754
"N16",181,0.000315085683666481
"N16",182,0.148876249827013
"N16",183,0.0400419239304028
"N16",184,0.0585630448767915
"N16",185,0.217232710671353
"N16",186,0.0533048228826374
"N16",187,0.00447554027824547
"N16",188,0.00740108689960498
"N16",189,0.0427510812296532
"N16",190,0.0288174963206984
"N16",191,0.195545192788293
"N16",192,0.0234014082234353
"N16",193,0.0738897058181465
"N16",194,0.00791326659141798
"N16",195,0.0465440234402195
"N16",196,0.00832691367276305
"N16",197,0.0227315507363528
"N16",198,0.114836964283574
"N16",199,0.0597718004124544
"N16",200,0.0657795230508782
"N17",1,0.299159942411897
"N17",2,0.00347695284290239
"N17",3,0.0385516576355114
"N17",4,0.089327543037349
"N17",5,0.089563444442163
"N17",6,0.0542079078908115
"N17",7,0.509163141922847
"N17",8,0.35168743690238
"N17",9,0.0133759458549321
"N17",10,0.371716473230577
"N17",11,0.00701433536421818
"N17",12,0.0799789606244303
"N17",13,0.0491471304558218
"N17",14,0.0847867340198718
"N17",15,0.245301753272045
"N17",16,0.209249628697264
"N17",17,0.503315501587287
"N17",18,0.144675612038573
"N17",19,0.0917780832102435
"N17",20,0.0256347746229913
"N17",21,0.341892982400212
"N17",22,0.029783233825583
"N17",23,0.0254059867584147
"N17",24,0.133356400860096
"N17",25,0.351763813735402
"N17",26,0.151927596418524
"N17",27,0.0588644823874347
"N17",28,0.152583889075892
"N17",29,0.0301710212370381
"N17",30,0.319928617899385
"N17",31,0.257576840220693
"N17",32,0.128664241982029
"N17",33,0.0530750940088183
"N17",34,0.180431488858791
"N17",35,0.233581798829479
"N17",36,0.0503703395370394
"N17",37,0.0265947718289681
"N17",38,0.1014171725785
"N17",39,0.0841503094998188
"N17",40,0.0110250450670719
"N17",41,0.106683613145129
"N17",42,0.194928362669155
"N17",43,0.141275168042035
"N17",44,0.082624972157646
"N17",45,0.132593486685643
"N17",46,0.0554068660130724
"N17",47,0.0218244106508791
"N17",48,0.112064398245576
"N17",49,0.2363486434228
"N17",50,0.0185577990487218
"N17",51,0.179833306860711
"N17",52,0.292781674520192
"N17",53,0.02775350057816
"N17",54,0.121699280216695
"N17",55,0.209001555329862
"N17",56,0.00349931407254189
"N17",57,0.218091012433845
"N17",58,0.156320674223231
"N17",59,0.0891654425015316
"N17",60,0.00853805243043494
"N17",61,0.00196496605944954
"N17",62,0.124970097089523
"N17",63,0.006304660520982
"N17",64,0.0645166189642623
"N17",65,0.0382762957607292
"N17",66,0.0609734582495647
"N17",67,0.0207804952160376
"N17",68,0.162922842422837
"N17",69,0.0823721968336031
"N17",70,0.168414610898459
"N17",71,0.0103301774545544
"N17",72,0.0768861148972064
"N17",73,0.0148831699043512
"N17",74,0.32532504176077
"N17",75,0.00980917527340353
"N17",76,0.0160258596297354
"N17",77,0.0832165133906528
"N17",78,0.0262658105951327
"N17",79,0.30268729313564
"N17",80,0.119123685979029
"N17",81,0.0537207920569927
"N17",82,0.477395639495745
"N17",83,0.103816052839136
"N17",84,0.012393362289408
"N17",85,0.106502577293572
"N17",86,0.101078825452406
"N17",87,0.208959821135479
"N17",88,0.0222094189428402
"N17",89,0.126984832803124
"N17",90,0.121205091936851
"N17",91,0.173402990691259
"N17",92,0.00551782822003588
"N17",93,0.0951249240845084
"N17",94,0.22415577037141
"N17",95,0.12052366461941
"N17",96,0.0182304082407736
"N17",97,0.124734645005652
"N17",98,0.243634824863377
"N17",99,0.0497099589556456
"N17",100,0.233599766379896
"N17",101,0.0283210475776693
"N17",102,0.0475881187792472
"N17",103,0.128699293753626
"N17",104,0.10323565150086
"N17",105,0.0889569255105237
"N17",106,0.0322102463105693
"N17",107,0.243439998700026
"N17",108,0.0945944979597981
"N17",109,0.202117589059028
"N17",110,0.0271081327809952
"N17",111,0.125031994301231
"N17",112,0.154139381013216
"N17",113,0.0209987352718599
"N17",114,0.0874590580299139
"N17",115,0.0973946211049227
"N17",116,0.239280186117369
"N17",117,0.253769033112305
"N17",118,0.0109473780753812
"N17",119,0.0680810285848565
"N17",120,0.0247927046326298
"N17",121,0.0118217018898576
"N17",122,0.24397115059078
"N17",123,0.186490202606124
"N17",124,0.0632970779552124
"N17",125,0.0228948276215237
"N17",126,0.018006539726097
"N17",127,0.0162060606413397
"N17",128,0.0542433831724338
"N17",129,0.0497714983282524
"N17",130,0.35698881861037
"N17",131,0.828625319245509
"N17",132,0.156608324027026
"N17",133,0.00706152117345482
"N17",134,0.123172298810566
"N17",135,0.326523065318433
"N17",136,0.162068087093867
"N17",137,0.0809800632996485
"N17",138,0.0320553707424551
"N17",139,0.21275785913572
"N17",140,0.162451078062283
"N17",141,0.0182160193358075
"N17",142,0.101059476129769
"N17",143,0.154924456956202
"N17",144,0.242143064028326
"N17",145,0.211362228249281
"N17",146,0.0200812895151917
"N17",147,0.13055777362954
"N17",148,0.0826592263183556
"N17",149,0.436465374888901
"N17",150,0.0202133727824957
"N17",151,0.398567096309221
"N17",152,0.491902121083632
"N17",153,0.0682189235812984
"N17",154,0.155794540364649
"N17",155,0.059201936761383
"N17",156,0.036199729074724
"N17",157,0.0151629203464836
"N17",158,0.0593503605923615
"N17",159,0.432266839758909
"N17",160,0.0494563685497269
"N17",161,0.0267216729004314
"N17",162,0.0283236228528891
"N17",163,0.0958452623805303
"N17",164,0.232392400958318
"N17",165,0.0909740178049021
"N17",166,0.00147930718958378
"N17",167,0.0846790449577384
"N17",168,0.148351978272536
"N17",169,0.03150278062094
"N17",170,0.0278349259751849
"N17",171,0.00597873081252014
"N17",172,0.152406490670286
"N17",173,0.0190210908410489
"N17",174,0.0538960309932008
"N17",175,0.109780332814849
"N17",176,0.407085218445814
"N17",177,0.655287755849335
"N17",178,0.17069973644741
"N17",179,0.166783459595741
"N17",180,0.376175669932222
"N17",181,0.0345148032065481
"N17",182,0.181133056747469
"N17",183,0.000630482216757683
"N17",184,0.0126332002822499
"N17",185,0.190637149603987
"N17",186,0.143384401448408
"N17",187,0.0460560572100803
"N17",188,0.0730823790932203
"N17",189,0.323388999109041
"N17",190,0.0111141683093517
"N17",191,0.177823736238823
"N17",192,0.0839924035826698
"N17",193,0.0271794992149808
"N17",194,0.0341391856782138
"N17",195,0.255516545836556
"N17",196,0.110391749063844
"N17",197,0.089123374090535
"N17",198,0.00891170941758901
"N17",199,0.0161877578357235
"N17",200,0.127070065770617
"N18",1,0.187428323737291
"N18",2,0.0781506437924691
"N18",3,0.167964635295199
"N18",4,0.300986635250118
"N18",5,0.118955593085253
"N18",6,0.0234821643680334
"N18",7,0.212283501623872
"N18",8,0.21433039870353
"N18",9,0.207318351630047
"N18",10,0.313648149588224
"N18",11,0.231421828957948
"N18",12,0.0656832213401944
"N18",13,0.213647068467665
"N18",14,0.140270952595735
"N18",15,0.00291188817936927
"N18",16,0.067930891062133
"N18",17,0.0302714234567247
"N18",18,0.244777243573892
"N18",19,0.0540245664305985
"N18",20,0.0233260827371851
"N18",21,0.0115054988418706
"N18",22,0.0206790819075263
"N18",23,0.0687205995200202
"N18",24,0.473393358697816
"N18",25,0.167506788619199
"N18",26,0.132195774763757
"N18",27,0.0209966381269607
"N18",28,0.0447361023398116
"N18",29,0.0244716501114698
"N18",30,0.00178190780570731
"N18",31,0.133668566815892
"N18",32,0.0113227773026288
"N18",33,0.120095921911633
"N18",34,0.0259045312223757
"N18",35,0.369945403886756
"N18",36,0.295465814166781
"N18",37,0.35427922585652
"N18",38,0.0439593588816933
"N18",39,0.0991179981142965
"N18",40,0.278724428949025
"N18",41,0.114547904578441
"N18",42,0.136424268008547
"N18",43,0.252397732100192
"N18",44,0.0581653174012899
"N18",45,0.0918126859821356
"N18",46,0.144060121145436
"N18",47,0.0807068307767622
"N18",48,0.0750002077547833
"N18",49,0.0351596535765566
"N18",50,0.206015964740486
"N18",51,0.0742339589633048
"N18",52,0.323725512468335
"N18",53,0.0350228141178377
"N18",54,0.134232127800921
"N18",55,0.101730542601423
"N18",56,0.013940989827206
"N18",57,0.065356934143343
"N18",58,0.00252458458999172
"N18",59,0.224424810138273
"N18",60,0.00657848943956196
"N18",61,0.0181401751828543
"N18",62,0.0583267809124663
"N18",63,0.0212475687731057
"N18",64,0.0174443688945212
"N18",65,0.062180578999687
"N18",66,0.170691529516467
"N18",67,0.085278851503972
"N18",68,0.184423996823582
"N18",69,0.0287272080895491
"N18",70,0.0620390188414603
"N18",71,0.0649669939856075
"N18",72,0.0384927405975759
"N18",73,0.157460574171843
"N18",74,0.053699794691056
"N18",75,0.0181784861488268
"N18",76,0.0375752298049121
"N18",77,0.152300819749349
"N18",78,0.0647321658325382
"N18",79,0.045777176390402
"N18",80,0.138597784006999
"N18",81,0.0468149595209692
"N18",82,0.0432216393428355
"N18",83,0.125175742892885
"N18",84,0.171511429240333
"N18",85,0.285734128889707
"N18",86,0.0247896705986932
"N18",87,0.175771193568337
"N18",88,0.0597488577477634
"N18",89,0.00123961325994929
"N18",90,0.0193228018470109
"N18",91,0.0539071010425687
"N18",92,0.205334625662047
"N18",93,0.0495585288736038
"N18",94,0.104765759426506
"N18",95,0.127826929167911
"N18",96,0.182897471688273
"N18",97,0.000681054894812405
"N18",98,0.00253526779124513
"N18",99,0.127581836712281
"N18",100,0.223664780136871
"N18",101,0.120344067526319
"N18",102,0.023223367286846
"N18",103,0.105301429395901
"N18",104,0.195662130125541
"N18",105,0.022215237287978
"N18",106,0.0111403660428335
"N18",107,0.0449993226793595
"N18",108,0.0440597615313818
"N18",109,0.127252641603688
"N18",110,0.0577487797127105
"N18",111,0.0366668896749616
"N18",112,0.0965211362589544
"N18",113,0.133294891211541
"N18",114,0.0162837238749489
"N18",115,0.0560448236965296
"N18",116,0.158085500117728
"N18",117,0.0246816618018784
"N18",118,0.168756471243092
"N18",119,0.0667024850845337
"N18",120,0.14388632447865
"N18",121,0.254742196517739
"N18",122,0.0100060539552942
"N18",123,0.0556180096435921
"N18",124,0.0432070603128523
"N18",125,0.0555822961614467
"N18",126,0.0115849348367192
"N18",127,0.012391502794344
"N18",128,0.123673493548905
"N18",129,0.0791360163711943
"N18",130,0.033883886935655
"N18",131,0.0954036941932157
"N18",132,0.18569493315995
"N18",133,0.00528337829746306
"N18",134,0.425395900362587
"N18",135,0.0140998573624529
"N18",136,0.274346810621447
"N18",137,0.0608941893442534
"N18",138,0.0280708091912709
"N18",139,0.107204530150035
"N18",140,0.284256481428011
"N18",141,0.0598524868837558
"N18",142,0.0425678750710342
"N18",143,0.234197636357251
"N18",144,0.49515567414631
"N18",145,0.297610748776314
"N18",146,0.054175768674747
"N18",147,0.0658220777116455
"N18",148,0.364404715188339
"N18",149,0.0156402853766331
"N18",150,0.0337103982784576
"N18",151,0.124817948666738
"N18",152,0.108292390464614
"N18",153,0.0119304465479217
"N18",154,0.11992801608924
"N18",155,0.00323323480552062
"N18",156,0.0868124647479147
"N18",157,0.130792342121118
"N18",158,0.00781500962330028
"N18",159,0.0957444376492515
"N18",160,0.189742651291865
"N18",161,0.264783390083429
"N18",162,0.169300934643821
"N18",163,0.0897742908290962
"N18",164,0.094463983121404
"N18",165,0.148099283100443
"N18",166,0.00979791875391168
"N18",167,0.00363497642183486
"N18",168,0.303405689518115
"N18",169,0.000201890397219243
"N18",170,0.019485571436057
"N18",171,0.00324498546788607
"N18",172,0.0264062086935155
"N18",173,0.0409696394958546
"N18",174,0.0575379292131402
"N18",175,0.501156312154427
"N18",176,0.267266878806594
"N18",177,0.190258367675099
"N18",178,0.0341058537596837
"N18",179,0.31481713223651
"N18",180,0.0254552848111802
"N18",181,0.141763530433515
"N18",182,0.0433276076219045
"N18",183,0.00685950806212866
"N18",184,0.248965650786388
"N18",185,0.224144796131852
"N18",186,0.0248009945625439
"N18",187,0.364786617077305
"N18",188,0.279923706066874
"N18",189,0.0283714556717314
"N18",190,0.0195653797709383
"N18",191,0.000558340195927033
"N18",192,0.0269000496482477
"N18",193,0.0818823208101094
"N18",194,0.0958565451111715
"N18",195,0.00772656188154707
"N18",196,0.178312442022118
"N18",197,0.0194905616496007
"N18",198,0.0598979538573073
"N18",199,0.102474840119818
"N18",200,0.173105869087727
"N19",1,0.241111746513027
"N19",2,0.0206257396494038
"N19",3,0.140271070757286
"N19",4,0.0764314523548819
"N19",5,0.33375978724387
"N19",6,0.0223844822612591
"N19",7,0.292633874558923
"N19",8,0.105402780458668
"N19",9,0.317865117670116
"N19",10,0.0261252787895501
"N19",11,0.0227483373538591
"N19",12,0.155618762105863
"N19",13,0.0263913760427386
"N19",14,0.0369609508197755
"N19",15,0.00201044618076472
"N19",16,0.00409221169754021
"N19",17,0.0831538425991312
"N19",18,0.1373277525365
"N19",19,0.536160668792361
"N19",20,0.49255662851204
"N19",21,0.0846686957520433
"N19",22,0.0736431770492345
"N19",23,0.172907036723906
"N19",24,0.0124712873366661
"N19",25,0.0408855214482173
"N19",26,0.134595250421773
"N19",27,0.0618134020815046
"N19",28,0.0271464663092047
"N19",29,0.121445506922306
"N19",30,0.0244004920806703
"N19",31,0.151532370591873
"N19",32,0.0248432722291909
"N19",33,0.00189709040569142
"N19",34,0.040807674115058
"N19",35,0.026210087002255
"N19",36,0.0340506238916968
"N19",37,0.0341485053650104
"N19",38,0.00346025205334932
"N19",39,0.121827975375915
"N19",40,0.0912636505308615
"N19",41,0.0610800824870169
"N19",42,0.0533903245814145
"N19",43,0.048665588721633
"N19",44,0.185079444416178
"N19",45,0.0393941804068163
"N19",46,0.177994439011788
"N19",47,0.319994557400313
"N19",48,0.0128708904376253
"N19",49,0.0434384988038801
"N19",50,0.374715141852647
"N19",51,0.0313670081668533
"N19",52,0.0745219972788701
"N19",53,0.0655517213162966
"N19",54,0.196694466507736
"N19",55,0.0222141729900613
"N19",56,0.0227207389543764
"N19",57,0.0239119774196297
"N19",58,0.0968861236342463
"N19",59,0.274116058585313
"N19",60,0.0894046182192731
"N19",61,0.0273573581180474
"N19",62,0.185109033238816
"N19",63,0.0498044321429916
"N19",64,0.258480392618778
"N19",65,0.245019508049566
"N19",66,0.0565713106188923
"N19",67,0.207164462444046
"N19",68,0.0203250205377117
"N19",69,0.0648732898989692
"N19",70,0.0917318137706442
"N19",71,0.0313369577172784
"N19",72,0.0478138639591634
"N19",73,0.0443894536001608
"N19",74,0.0230914283133076
"N19",75,0.0528858965844847
"N19",76,0.154038915987463
"N19",77,0.115868541639635
"N19",78,0.1706486542191
"N19",79,0.483609438614741
"N19",80,0.145761473215522
"N19",81,0.0278687265235931
"N19",82,0.050522065081168
"N19",83,0.0348379416391253
"N19",84,0.0785229743923992
"N19",85,0.0623165561119094
"N19",86,0.269242490888946
"N19",87,0.0506176921924506
"N19",88,0.0109212746028788
"N19",89,0.0595384924362413
"N19",90,0.0221059054019861
"N19",91,0.247594101576808
"N19",92,0.0750235185259953
"N19",93,0.153346660425292
"N19",94,0.0363881755160205
"N19",95,0.0616190796135925
"N19",96,0.0181092891725712
"N19",97,0.0257043995661661
"N19",98,0.266503680714485
"N19",99,0.0881695740338058
"N19",100,0.400291619801378
"N19",101,0.0870146135514245
"N19",102,0.0552809236687608
"N19",103,0.34178947865319
"N19",104,0.0158298778696917
"N19",105,0.0647290609194897
"N19",106,0.00884015328483656
"N19",107,0.0247580829891376
"N19",108,0.000256461731623858
"N19",109,0.0131345887784846
"N19",110,0.178895730049092
"N19",111,0.154339582537638
"N19",112,0.0408081620698795
"N19",113,0.0481344250729308
"N19",114,0.107564534288237
"N19",115,0.0608333702548407
"N19",116,0.014218581187735
"N19",117,0.011049935751166
"N19",118,0.0662017685826868
"N19",119,0.137225638254882
"N19",120,0.0732846332830377
"N19",121,0.0451330590117458
"N19",122,0.0120897194137797
"N19",123,0.0458359398762695
"N19",124,0.174319805312408
"N19",125,0.000675870650706039
"N19",126,0.14063017675128
"N19",127,0.102687126602383
"N19",128,0.234227062425318
"N19",129,0.0812664070981555
"N19",130,0.0648688009109088
"N19",131,0.125867776773408
"N19",132,0.107423069881612
"N19",133,0.091740943951869
"N19",134,0.0459159141173586
"N19",135,0.0205505975458858
"N19",136,0.0329890115778995
"N19",137,0.312592849352476
"N19",138,0.0674553324352019
"N19",139,0.103092871345764
"N19",140,0.0162338591616052
"N19",141,0.238546013164497
"N19",142,0.241431072576645
"N19",143,0.245796240622851
"N19",144,0.0344770134543069
"N19",145,0.0316665200998429
"N19",146,0.0281104574513788
"N19",147,0.0321904149022885
"N19",148,0.270563282289621
"N19",149,0.0664960671565495
"N19",150,0.180995882478285
"N19",151,0.106294841267505
"N19",152,0.0887582867165023
"N19",153,0.0619765436424333
"N19",154,0.363065809573605
"N19",155,0.2135756064567
"N19",156,0.103361238254571
"N19",157,0.0837343751336448
"N19",158,0.0531028016121127
"N19",159,0.00604581920197234
"N19",160,0.0271695156116039
"N19",161,0.0177508476190269
"N19",162,0.0698279047501273
"N19",163,0.0595028593670577
"N19",164,0.190472918990803
"N19",165,0.118628123304212
"N19",166,0.111893058516422
"N19",167,0.0147471188101918
"N19",168,0.151444532554002
"N19",169,0.137565797073172
"N19",170,0.0828619295498356
"N19",171,0.0361242892686278
"N19",172,0.0049613242362455
"N19",173,0.00328988151159137
"N19",174,0.118872825400309
"N19",175,0.196295233898538
"N19",176,0.140723888989875
"N19",177,0.331878299439993
"N19",178,0.269175973308089
"N19",179,0.0301002255873755
"N19",180,0.0246658789549662
"N19",181,0.0402962766820565
"N19",182,0.19681328627162
"N19",183,0.0608105675783008
"N19",184,0.546680029489471
"N19",185,0.0424402239044707
"N19",186,0.182424717765926
"N19",187,0.118946483819151
"N19",188,0.329770452094343
"N19",189,0.0309767324970743
"N19",190,0.30195746499401
"N19",191,0.0181221038751925
"N19",192,0.0928644605394095
"N19",193,0.0302759861660405
"N19",194,0.036227980745025
"N19",195,0.525689253221322
"N19",196,0.182456170890165
"N19",197,0.0379396521076336
"N19",198,0.0893072857147352
"N19",199,0.00569340440716218
"N19",200,0.0365213553886861
"N20",1,0.204489701649848
"N20",2,0.321107510694382
"N20",3,0.0258736092946492
"N20",4,0.069197500330786
"N20",5,0.219237603469494
"N20",6,0.0584630171943129
"N20",7,0.0642460106755607
"N20",8,0.00828780222218484
"N20",9,0.0821915219524237
"N20",10,0.232823261282149
"N20",11,0.517048028038636
"N20",12,0.218226035580713
"N20",13,0.129118712613696
"N20",14,0.0305314977886155
"N20",15,0.189855921978468
"N20",16,0.0850225012400188
"N20",17,0.168004035129549
"N20",18,0.33933559268069
"N20",19,0.267866928347465
"N20",20,0.0907250071124748
"N20",21,0.26430556665462
"N20",22,0.0476503850659356
"N20",23,0.0705394564429298
"N20",24,0.0255469441763125
"N20",25,0.00258228363236412
"N20",26,0.0167446495023422
"N20",27,0.038565858383663
"N20",28,0.0440957993268967
"N20",29,0.120179480593232
"N20",30,0.0406625448958948
"N20",31,0.126069177518936
"N20",32,0.0814165419433266
"N20",33,0.0399470686311654
"N20",34,0.568769002767438
"N20",35,0.376321042996024
"N20",36,0.0533628191333264
"N20",37,0.136606070440599
"N20",38,0.0856072630849667
"N20",39,0.164761774702334
"N20",40,0.0587879436207004
"N20",41,0.102407151353671
"N20",42,0.036783199175261
"N20",43,0.00841524011761015
"N20",44,0.199816319541919
"N20",45,0.0552265301230364
"N20",46,0.264790752188382
"N20",47,0.107769665768707
"N20",48,0.292959264667066
"N20",49,0.000568644783925265
"N20",50,0.394890327260413
"N20",51,0.107684904145519
"N20",52,0.0798470310401171
"N20",53,0.0461919661029242
"N20",54,0.00339191500780868
"N20",55,0.0829808746930212
"N20",56,0.0522276307456195
"N20",57,0.214779536229301
"N20",58,0.00407619174802676
"N20",59,0.0412581543205306
"N20",60,0.0800863990443759
"N20",61,0.0171070635793916
"N20",62,0.053314906777814
"N20",63,0.0901953318336621
"N20",64,0.252743061478311
"N20",65,0.23375854686715
"N20",66,0.0559093955089338
"N20",67,0.16591641480975
"N20",68,0.214896047710183
"N20",69,0.0451645608991385
"N20",70,0.000320642080623657
"N20",71,0.016462373411613
"N20",72,0.170851703378709
"N20",73,0.0589593498152681
"N20",74,0.0684653582284227
"N20",75,0.0236870639491826
"N20",76,0.103498530219646
"N20",77,0.19834874356829
"N20",78,0.0329176495433785
"N20",79,0.0129830585964726
"N20",80,0.0257342830882408
"N20",81,0.129323403103279
"N20",82,0.0114524848177098
"N20",83,0.509467582871344
"N20",84,0.0237312858807854
"N20",85,0.084693024517037
"N20",86,0.167329630925657
"N20",87,0.324115832220747
"N20",88,0.0595828983932734
"N20",89,0.306206487336275
"N20",90,0.0870874368067473
"N20",91,0.195994946862313
"N20",92,0.00404959034595873
"N20",93,0.0908758417967628
"N20",94,0.251442956727672
"N20",95,0.0773361180326901
"N20",96,0.278306470935312
"N20",97,0.0278279251806999
"N20",98,0.00599853292806074
"N20",99,0.159424375155346
"N20",100,0.27858827797052
"N20",101,0.00386569262111951
"N20",102,0.0041087283170782
"N20",103,0.110329310550489
"N20",104,0.113545074820855
"N20",105,0.0208530359668657
"N20",106,0.0673532511573285
"N20",107,0.103728309683293
"N20",108,0.0652290384750813
"N20",109,0.0120967883758824
"N20",110,0.0351576502434909
"N20",111,0.0270923489271138
"N20",112,0.0696928151883185
"N20",113,0.170791738312097
"N20",114,0.0443830388248898
"N20",115,0.253179521987888
"N20",116,0.0288320446134031
"N20",117,0.0559155938681215
"N20",118,0.000341890496201813
"N20",119,0.196701272613111
"N20",120,0.027440740808318
"N20",121,0.139320339653046
"N20",122,0.0878736193201928
"N20",123,0.0171077441191301
"N20",124,0.171760252438822
"N20",125,0.242316822743717
"N20",126,0.0124229777720757
"N20",127,0.0772244048421271
"N20",128,0.0190846075115368
"N20",129,0.448960589917198
"N20",130,0.393398236462331
"N20",131,0.0254658449364354
"N20",132,0.356936039382076
"N20",133,0.0492272098781541
"N20",134,0.142871539918111
"N20",135,0.0123795696246649
"N20",136,0.0563727364642546
"N20",137,0.00125385213654418
"N20",138,0.135649677129053
"N20",139,0.0112075911019929
"N20",140,0.0475498806688237
"N20",141,0.056404716160614
"N20",142,0.0609058381523937
"N20",143,0.00143378798384219
"N20",144,0.00364484859164804
"N20",145,0.0247393705067225
"N20",146,0.0843078717589378
"N20",147,0.0632183403358795
"N20",148,0.0149876189534552
"N20",149,0.10097127558604
"N20",150,0.0459617149486955
"N20",151,0.294278090042404
"N20",152,0.0471799268852919
"N20",153,0.0827869480708614
"N20",154,0.137283055572176
"N20",155,0.259292012535709
"N20",156,0.0218889623161088
"N20",157,0.209580699204209
"N20",158,0.141609248583542
"N20",159,0.169466586196201
"N20",160,0.00510562671115622
"N20",161,0.227876198001879
"N20",162,0.0814352376037277
"N20",163,0.071621818409767
"N20",164,0.0871446363109738
"N20",165,0.0734395734034479
"N20",166,0.142686814297327
"N20",167,0.00716260832075379
"N20",168,0.0456971904399787
"N20",169,0.0895896700624019
"N20",170,0.0201249073725194
"N20",171,0.0830296365311369
"N20",172,0.133394920727575
"N20",173,0.188589816669676
"N20",174,0.0238374311011285
"N20",175,0.220287044987756
"N20",176,0.137990215671586
"N20",177,0.0569121437825167
"N20",178,0.0703894883885013
"N20",179,0.0720540132024325
"N20",180,0.219039800333533
"N20",181,0.278218172305743
"N20",182,0.113351118396373
"N20",183,0.0474511437350884
"N20",184,0.103468481181617
"N20",185,0.255063651222198
"N20",186,0.0535804174141958
"N20",187,0.0158250304521061
"N20",188,0.0551232206635177
"N20",189,0.0593648786307313
"N20",190,0.126137755223887
"N20",191,0.0295097218179208
"N20",192,0.701428603359057
"N20",193,0.00943330954760313
"N20",194,0.0626341732568108
"N20",195,0.286923282065508
"N20",196,0.0543602429679595
"N20",197,0.159702746774407
"N20",198,0.0972700220282328
"N20",199,0.127299594573111
"N20",200,0.0668411594815552
"N21",1,0.059553092578426
"N21",2,0.024269715595379
"N21",3,0.0282927575969791
"N21",4,0.343160346833137
"N21",5,0.301498005383727
"N21",6,0.0858996339375153
"N21",7,0.00963067234260961
"N21",8,0.0353224889258854
"N21",9,0.0296198588912375
"N21",10,0.0301842854241841
"N21",11,0.177533919446844
"N21",12,0.122758831939997
"N21",13,0.0590617480255072
"N21",14,0.00796488823834807
"N21",15,0.0117060027577413
"N21",16,0.0403207036433741
"N21",17,0.273929873728791
"N21",18,0.0927827396610394
"N21",19,0.0509136333712377
"N21",20,0.115399617696518
"N21",21,0.188316450443792
"N21",22,0.0102922455940574
"N21",23,0.0106227926727163
"N21",24,0.0516620442504063
"N21",25,0.0181899801827967
"N21",26,0.0530400236853372
"N21",27,0.0319780071731657
"N21",28,0.134019102037728
"N21",29,0.0262006279081106
"N21",30,0.12243404238891
"N21",31,0.162495279446581
"N21",32,0.205775584782216
"N21",33,0.170791451231913
"N21",34,0.0414299191956032
"N21",35,0.254702965951267
"N21",36,0.0888576001109198
"N21",37,0.0806799795245752
"N21",38,0.0107363745337352
"N21",39,0.0374733578064479
"N21",40,0.151602231659332
"N21",41,0.168510450277814
"N21",42,0.0427375455619767
"N21",43,0.160701087787153
"N21",44,0.00354306551162153
"N21",45,0.0644946892280132
"N21",46,0.0568184311850928
"N21",47,0.136229663499968
"N21",48,0.0231100714881904
"N21",49,0.122217696038412
"N21",50,0.0622492313850671
"N21",51,0.19196505913392
"N21",52,0.0169816335670275
"N21",53,0.01763746002689
"N21",54,0.0725112754735164
"N21",55,0.121217280779984
"N21",56,0.0655517422128469
"N21",57,0.0800655411439948
"N21",58,0.375954923198974
"N21",59,0.077287664054893
"N21",60,0.129477706965396
"N21",61,0.0547347178217024
"N21",62,0.25069640133411
"N21",63,0.537714181902045
"N21",64,0.588478690447444
"N21",65,0.0381628282484598
"N21",66,0.0709675637772307
"N21",67,0.2387374790746
"N21",68,0.00563126942142844
"N21",69,0.0283426990702299
"N21",70,0.0749428102280945
"N21",71,0.225207465224642
"N21",72,0.601541089328164
"N21",73,0.224500980450514
"N21",74,0.658829225423309
"N21",75,0.297900710937646
"N21",76,0.0823492296622135
"N21",77,0.345400365286586
"N21",78,0.00419677899095052
"N21",79,0.220527454268861
"N21",80,0.0593816529948715
"N21",81,0.47791399315168
"N21",82,0.148222644226031
"N21",83,0.362177203388369
"N21",84,0.148196233431214
"N21",85,0.0207091444702952
"N21",86,0.0221992720616981
"N21",87,0.041063392360229
"N21",88,0.0840530472341925
"N21",89,0.056487254619605
"N21",90,0.368525372797108
"N21",91,0.0104552360717207
"N21",92,0.0296369324614856
"N21",93,0.0545436322572641
"N21",94,0.44300662979652
"N21",95,0.0701981889433227
"N21",96,0.253976571130309
"N21",97,0.011507239817613
"N21",98,0.145353105379605
"N21",99,0.207327937085307
"N21",100,0.11419115770863
"N21",101,0.0127122669946402
"N21",102,0.00769222214850563
"N21",103,0.0749759785830975
"N21",104,0.010899056956955
"N21",105,0.0710049076587893
"N21",106,0.187652475422922
"N21",107,0.00718665512307766
"N21",108,0.0830329596064985
"N21",109,0.343993866567579
"N21",110,0.183985253392153
"N21",111,0.122095233090379
"N21",112,0.449104792179361
"N21",113,0.0206536986685297
"N21",114,0.677419042410824
"N21",115,0.0100057066301815
"N21",116,0.182121293686484
"N21",117,0.215275698098096
"N21",118,0.336686692417678
"N21",119,0.161598902656102
"N21",120,0.182970616723153
"N21",121,0.104299253080377
"N21",122,0.120515365963207
"N21",123,0.10842440125473
"N21",124,0.0903486112312988
"N21",125,0.00681518531982543
"N21",126,0.188418646565381
"N21",127,0.311415365648535
"N21",128,0.054745857079979
"N21",129,0.1332567732263
"N21",130,0.0111538132769056
"N21",131,0.0517285513947403
"N21",132,0.0453339389641769
"N21",133,0.0264130374482374
"N21",134,0.141640655923972
"N21",135,0.421013308667994
"N21",136,0.0579004841856658
"N21",137,0.149637649412604
"N21",138,0.166520659108052
"N21",139,0.185326908238906
"N21",140,0.0617470292032842
"N21",141,0.0706984631142124
"N21",142,0.0659343503648415
"N21",143,0.00910066964570433
"N21",144,0.200351915544573
"N21",145,0.079454073915258
"N21",146,0.114765095752069
"N21",147,0.096554074431175
"N21",148,0.0112790143466555
"N21",149,0.448686984650556
"N21",150,0.00954019660053704
"N21",151,0.0980816358880714
"N21",152,0.0341580290114507
"N21",153,0.0282925305655226
"N21",154,0.0730000805924647
"N21",155,0.082732482755091
"N21",156,0.0625769324251451
"N21",157,0.0889611872791887
"N21",158,0.289873278916892
"N21",159,0.035933209117502
"N21",160,0.313315913763908
"N21",161,0.0362852033576928
"N21",162,0.0128846158040687
"N21",163,0.0345896123326384
"N21",164,0.175991392717676
"N21",165,0.0464958497323096
"N21",166,0.181734103233296
"N21",167,0.259484596074301
"N21",168,0.0554180310573429
"N21",169,0.257144542400467
"N21",170,0.206116138714108
"N21",171,0.0356072952854447
"N21",172,0.0340131475240923
"N21",173,0.0765011563780718
"N21",174,0.0210867408254158
"N21",175,0.00855527201201767
"N21",176,0.0231310659824655
"N21",177,0.465949506239787
"N21",178,0.0893692539486677
"N21",179,0.018027345999144
"N21",180,0.16690599976048
"N21",181,0.150491233327763
"N21",182,0.192180177683862
"N21",183,0.00613096407827854
"N21",184,0.110526335886085
"N21",185,0.0239735787552284
"N21",186,0.308201046411958
"N21",187,0.406821197809136
"N21",188,0.333525707230982
"N21",189,0.126847695078517
"N21",190,0.29702859300476
"N21",191,0.070214023347944
"N21",192,0.0487349725444801
"N21",193,0.0400611642398871
"N21",194,0.0622495489078574
"N21",195,0.100555819803254
"N21",196,0.095515157761501
"N21",197,0.0092299847711773
"N21",198,0.0724386719521135
"N21",199,0.095841084485279
"N21",200,0.0271280606622465
"N22",1,0.104970380426925
"N22",2,0.181522807032163
"N22",3,0.133344099386001
"N22",4,0.00336994603276253
"N22",5,0.0108719371492043
"N22",6,0.233667269671791
"N22",7,0.134953676047933
"N22",8,0.100248728803316
"N22",9,0.0395189408767944
"N22",10,0.0488387405057438
"N22",11,0.014188634399179
"N22",12,0.136073043913917
"N22",13,0.214575104870576
"N22",14,0.0938666279436572
"N22",15,0.0863941061543301
"N22",16,0.106391909633157
"N22",17,0.236568647543603
"N22",18,0.0845906515023671
"N22",19,0.0268820088279353
"N22",20,0.141945335764643
"N22",21,0.0878907717944697
"N22",22,0.0599497857037932
"N22",23,0.0508805881836452
"N22",24,0.0914739007077754
"N22",25,0.0775230995495804
"N22",26,0.148942999187262
"N22",27,0.414011776426292
"N22",28,0.0869757444545269
"N22",29,0.115342751489358
"N22",30,0.0180663680075668
"N22",31,0.0268603958538733
"N22",32,0.0529552465886809
"N22",33,0.112816524663984
"N22",34,0.0523595421691425
"N22",35,0.199748168856752
"N22",36,0.000936676224227995
"N22",37,0.466776837335721
"N22",38,0.197307895023714
"N22",39,0.0403949024039321
"N22",40,0.11713430925213
"N22",41,0.0174374463967979
"N22",42,0.057664057938382
"N22",43,0.024291324603837
"N22",44,0.017858940353979
"N22",45,0.00662587128230899
"N22",46,0.0629089334759841
"N22",47,0.102923377232181
"N22",48,0.0513221857254393
"N22",49,0.145517047256568
"N22",50,0.0574298484716564
"N22",51,0.0896644944911772
"N22",52,0.227573599190193
"N22",53,0.022389901520041
"N22",54,0.0389287230209447
"N22",55,0.0719566706102341
"N22",56,0.153585282032715
"N22",57,0.290484179028389
"N22",58,0.0661969873472117
"N22",59,0.117963093995636
"N22",60,0.0612787335412577
"N22",61,0.157407345827074
"N22",62,0.0332775178248994
"N22",63,0.14295215345394
"N22",64,0.0464891718002036
"N22",65,0.335441838701335
"N22",66,0.0194634489790815
"N22",67,0.0593561777053899
"N22",68,0.0614422834478319
"N22",69,0.0723922412726097
"N22",70,0.246341953509229
"N22",71,0.0871613142028094
"N22",72,0.0812358023249544
"N22",73,0.0773637741804123
"N22",74,0.0779438159079291
"N22",75,0.0376209189007999
"N22",76,0.319406964101908
"N22",77,0.0192675674334168
"N22",78,0.0352710178858745
"N22",79,0.219076110970902
"N22",80,0.0786972611676902
"N22",81,0.12496611510344
"N22",82,0.0901859772804767
"N22",83,0.0116260581417009
"N22",84,0.744186459067178
"N22",85,0.28742905401912
"N22",86,0.0206689861096907
"N22",87,0.0274931614403613
"N22",88,0.275531436999407
"N22",89,0.0806175894103944
"N22",90,0.336186656479803
"N22",91,0.186312816793773
"N22",92,0.0339685868821107
"N22",93,0.0786343617364764
"N22",94,0.112123490771616
"N22",95,0.140870461584406
"N22",96,0.212765477354381
"N22",97,0.000344654990592531
"N22",98,0.00428090151399374
"N22",99,0.0237557940999977
"N22",100,0.10942177439049
"N22",101,0.116803060862573
"N22",102,0.0146551649668254
"N22",103,0.0748013511765748
"N22",104,0.0443575014942326
"N22",105,0.109477959917264
"N22",106,0.0657517361687496
"N22",107,0.143551476876588
"N22",108,0.0407073573442176
"N22",109,0.0409414698081827
"N22",110,0.0277639246778563
"N22",111,0.0374979673069902
"N22",112,0.304774495058772
"N22",113,0.0331024142215028
"N22",114,0.013125782366842
"N22",115,0.184898867028508
"N22",116,0.0806174605968408
"N22",117,0.0669425010564737
"N22",118,0.0226686759269796
"N22",119,0.0925940134651826
"N22",120,0.198514794221821
"N22",121,0.173810547440055
"N22",122,0.155419637443835
"N22",123,0.0108074379968457
"N22",124,0.0361060872091912
"N22",125,0.253451847926456
"N22",126,0.0251066201474514
"N22",127,0.0451078021433204
"N22",128,0.065914320528403
"N22",129,0.00272134251512474
"N22",130,0.0477681218180805
"N22",131,0.00307507434627041
"N22",132,0.491774049328461
"N22",133,0.377812207655466
"N22",134,0.152795647731388
"N22",135,0.0294987914532281
"N22",136,0.0794557551271282
"N22",137,0.298338308681813
"N22",138,0.220755857197612
"N22",139,0.0665637730853632
"N22",140,0.00970366081223468
"N22",141,0.0136128870187591
"N22",142,0.0375284635229036
"N22",143,0.0245281369128371
"N22",144,0.090674976442114
"N22",145,0.0125793035632591
"N22",146,0.0882237779735832
"N22",147,0.0324886236339808
"N22",148,0.133499991958366
"N22",149,0.334558028013524
"N22",150,0.0246029446134344
"N22",151,0.0447234649327584
"N22",152,0.0435269050170034
"N22",153,0.034038515179418
"N22",154,0.0804401380592026
"N22",155,0.0357950497584917
"N22",156,0.107562945102678
"N22",157,0.0026004493702203
"N22",158,0.174790047098625
"N22",159,0.243398228586949
"N22",160,0.113348241450933
"N22",161,0.116899653562836
"N22",162,0.114571931301022
"N22",163,0.0309898438863456
"N22",164,0.0531033875886351
"N22",165,0.0507402383597461
"N22",166,0.0423114933655597
"N22",167,0.125208926122238
"N22",168,0.0176804468378742
"N22",169,0.0293286766973324
"N22",170,0.032928264932707
"N22",171,0.166165769211353
"N22",172,0.213916627912524
"N22",173,0.0762098272680305
"N22",174,0.028493806370534
"N22",175,0.0206435545356158
"N22",176,0.166550034768285
"N22",177,0.372156509776181
"N22",178,0.0145296545233577
"N22",179,0.182641616164613
"N22",180,0.321099174783709
"N22",181,0.00578922450387209
"N22",182,0.0435863896273077
"N22",183,0.112728604110295
"N22",184,0.190916604351926
"N22",185,0.0576859349384904
"N22",186,0.0185841533239
"N22",187,0.490921905936495
"N22",188,0.0498451387393288
"N22",189,0.00570066098313172
"N22",190,0.147381527926178
"N22",191,0.0504034191253595
"N22",192,0.152804740932176
"N22",193,0.108365357498975
"N22",194,0.0319729065184225
"N22",195,0.0317073538317345
"N22",196,0.108260448986629
"N22",197,0.0337377036339603
"N22",198,0.200075021235946
"N22",199,0.175063987252045
"N22",200,0.00892406449560871
"N23",1,0.284747398022615
"N23",2,0.266159596604374
"N23",3,0.0855157743790187
"N23",4,0.00518835317108402
"N23",5,0.322747506884006
"N23",6,0.00106949830660596
"N23",7,0.100790922440395
"N23",8,0.179146869568794
"N23",9,0.000739341485314071
"N23",10,0.0554139583255164
"N23",11,0.000214523170143366
"N23",12,0.134195085458345
"N23",13,0.1584654541168
"N23",14,0.0479691416798857
"N23",15,0.0382104256601201
"N23",16,0.327086303600189
"N23",17,0.0441423603333533
"N23",18,0.0387197817326523
"N23",19,0.127810794738458
"N23",20,0.264106993314889
"N23",21,0.0960950398532316
"N23",22,0.027631746553402
"N23",23,0.0669812407237231
"N23",24,0.266554593464103
"N23",25,0.267005630985913
"N23",26,0.100801364513451
"N23",27,0.0453791644540615
"N23",28,0.0151771281380206
"N23",29,0.05125728569692
"N23",30,0.0248299195664003
"N23",31,0.0104492591708178
"N23",32,0.0992924156478317
"N23",33,0.224138090842146
"N23",34,0.104395731096024
"N23",35,0.0053787037031725
"N23",36,0.249099089986387
"N23",37,0.205412962669952
"N23",38,0.0291754788003234
"N23",39,0.05511006512137
"N23",40,0.050074148864951
"N23",41,0.206257019260274
"N23",42,0.249498744717541
"N23",43,0.0301982642849907
"N23",44,0.190791271616447
"N23",45,0.0958695379033327
"N23",46,0.119355454220773
"N23",47,0.0936859328014419
"N23",48,0.0251958351582289
"N23",49,0.192101066688749
"N23",50,0.0682773533126205
"N23",51,0.30171744232665
"N23",52,0.00174559595494676
"N23",53,0.0995619385450721
"N23",54,0.179341366969723
"N23",55,0.235560373858291
"N23",56,0.208118273048834
"N23",57,0.128843056265602
"N23",58,0.186470869452435
"N23",59,0.0622057263972238
"N23",60,0.102247624554571
"N23",61,0.0158218615854136
"N23",62,0.0729668923304416
"N23",63,0.684691367866966
"N23",64,0.262060973079023
"N23",65,0.110101281487029
"N23",66,0.0793186326045543
"N23",67,0.12224829130036
"N23",68,0.0622369709308259
"N23",69,0.059299785469193
"N23",70,0.148377348197961
"N23",71,0.000702248478773981
"N23",72,0.00812588497540602
"N23",73,0.163063975045794
"N23",74,0.0690177122014575
"N23",75,0.0350202902918682
"N23",76,0.0341240591951646
"N23",77,0.0341759735742271
"N23",78,0.116948765472193
"N23",79,0.479036496055839
"N23",80,0.0267971481080167
"N23",81,0.15643894241132
"N23",82,0.132187413395719
"N23",83,0.0304912463761866
"N23",84,0.00359543820377439
"N23",85,0.439161610578737
"N23",86,0.248621179944578
"N23",87,0.0631926605128683
"N23",88,0.113706199330615
"N23",89,0.02846984192729
"N23",90,0.201163157344538
"N23",91,0.175829370791631
"N23",92,0.0321337357163429
"N23",93,0.0895174997311761
"N23",94,0.172211354011075
"N23",95,0.0755834021838382
"N23",96,0.148314893124031
"N23",97,0.0299984950688668
"N23",98,0.211448989149991
"N23",99,0.178850626795295
"N23",100,0.0274871843429615
"N23",101,0.148239601398224
"N23",102,0.309635267810044
"N23",103,0.0630483949207701
"N23",104,0.19727331631698
"N23",105,0.0356496956665069
"N23",106,0.00916444626636803
"N23",107,0.096684414655307
"N23",108,0.0182137725059874
"N23",109,0.146252357046457
"N23",110,0.0107922576717101
"N23",111,0.00942924165303862
"N23",112,0.0755804382497445
"N23",113,0.0688874841434881
"N23",114,0.163345600007439
"N23",115,0.00993448542430997
"N23",116,0.558225492449635
"N23",117,0.216923293370575
"N23",118,0.00910225376719609
"N23",119,0.140896553517656
"N23",120,0.166976337781513
"N23",121,0.063871135993395
"N23",122,0.0599482546676882
"N23",123,0.143309589004481
"N23",124,0.054406929644756
"N23",125,0.134658527788112
"N23",126,0.020984303962905
"N23",127,0.0690450572874397
"N23",128,0.0111952888546512
"N23",129,0.444512359607006
"N23",130,0.0967829631356165
"N23",131,0.0203033282305114
"N23",132,0.139818555437365
"N23",133,0.219877003627635
"N23",134,0.0979622625693321
"N23",135,0.180655240852845
"N23",136,0.0384945024270564
"N23",137,0.0329651075880975
"N23",138,0.0521665596783239
"N23",139,0.00547905011604212
"N23",140,0.111558761326002
"N23",141,0.0689869283814915
"N23",142,0.0265255178674124
"N23",143,0.0684486568042681
"N23",144,0.0629390124597688
"N23",145,0.105718996952625
"N23",146,0.261585102167991
"N23",147,0.597395753922099
"N23",148,0.303978220820409
"N23",149,0.0730332196690142
"N23",150,0.0224055733997375
"N23",151,0.149107925588602
"N23",152,0.038146645470988
"N23",153,0.0659766697736064
"N23",154,0.0490397872636095
"N23",155,0.0296230205325594
"N23",156,0.077145846968051
"N23",157,0.0172703528078273
"N23",158,0.018804237304721
"N23",159,0.0560118274607941
"N23",160,0.0638019344167483
"N23",161,0.382300334543868
"N23",162,0.00457563877579534
"N23",163,0.0726573845654864
"N23",164,0.247568164243105
"N23",165,0.165744580788875
"N23",166,0.00709739583544433
"N23",167,0.0242540561594069
"N23",168,0.0095114657888189
"N23",169,0.13433005289349
"N23",170,0.121155953611584
"N23",171,0.0199011689983308
"N23",172,0.341184854258862
"N23",173,0.00226090126670897
"N23",174,0.150668481592426
"N23",175,0.122666222531918
"N23",176,0.302094011318949
"N23",177,0.0468328390270472
"N23",178,0.0117543998485819
"N23",179,0.246469989175651
"N23",180,0.122603240694316
"N23",181,0.0695345335989259
"N23",182,0.0200137344654649
"N23",183,0.0227861306047998
"N23",184,0.127434664051385
"N23",185,0.0524030305761804
"N23",186,0.280777706516054
"N23",187,0.135288128041999
"N23",188,0.0858090200345032
"N23",189,0.080247100268025
"N23",190,0.00272466178284958
"N23",191,0.062570825451985
"N23",192,0.265849140393866
"N23",193,0.0542362745618448
"N23",194,0.00196438538841903
"N23",195,0.242788787920702
"N23",196,0.0168994224513881
"N23",197,0.104471688269974
"N23",198,0.0935821038385496
"N23",199,0.235970450787547
"N23",200,0.287513379979707
"N24",1,0.135105867049994
"N24",2,0.0493529588566162
"N24",3,0.174722984742621
"N24",4,0.231073456805873
"N24",5,0.0333653938723728
"N24",6,0.0171001016860828
"N24",7,0.410723768153644
"N24",8,0.314935346816745
"N24",9,0.106519733522984
"N24",10,0.0767830173135735
"N24",11,0.0557750463485718
"N24",12,0.0132745130263453
"N24",13,0.193898823322509
"N24",14,0.09137423778359
"N24",15,0.112056921114551
"N24",16,0.151697107469069
"N24",17,0.239647443455854
"N24",18,0.00458616039033916
"N24",19,0.107425107266159
"N24",20,0.0926724559311934
"N24",21,0.00441386364400387
"N24",22,0.00583447428653017
"N24",23,0.193482138111171
"N24",24,0.153528902907261
"N24",25,0.120634002064092
"N24",26,0.0277680214494467
"N24",27,0.0570593497159735
"N24",28,0.126473585720511
"N24",29,0.00618606194620952
"N24",30,0.262879597392848
"N24",31,0.0788018846069463
"N24",32,0.0323923866713691
"N24",33,0.122662312811577
"N24",34,0.0580478080082685
"N24",35,0.140822279727423
"N24",36,0.00552174762159714
"N24",37,0.00309715049252121
"N24",38,0.0138736783410423
"N24",39,0.0887284109579174
"N24",40,0.151068036206403
"N24",41,0.348360428241351
"N24",42,0.0904499834509767
"N24",43,0.0338191631017253
"N24",44,0.00656353345515829
"N24",45,0.301758587577459
"N24",46,0.00580648262830916
"N24",47,0.0121396130131834
"N24",48,0.107916054077783
"N24",49,0.140317361563781
"N24",50,0.190544892080939
"N24",51,0.0629571985919029
"N24",52,0.0945228862058014
"N24",53,0.182864561410705
"N24",54,0.0777917477535084
"N24",55,0.216720790591764
"N24",56,0.199825872296361
"N24",57,0.0874499062722191
"N24",58,0.13652631593343
"N24",59,0.0208598232129589
"N24",60,0.194385576051402
"N24",61,0.113265519938539
"N24",62,0.120026164333673
"N24",63,0.174744848384264
"N24",64,0.23794342879087
"N24",65,0.0639717577723786
"N24",66,0.102748042966191
"N24",67,0.0776562151731923
"N24",68,0.0342199272673139
"N24",69,0.0871751117747684
"N24",70,0.155263727642001
"N24",71,0.0152203854791228
"N24",72,0.0540659632790442
"N24",73,0.233748321876603
"N24",74,0.147900236183183
"N24",75,0.178542180209163
"N24",76,0.0253367191666919
"N24",77,0.282150420577344
"N24",78,0.0822603390552104
"N24",79,0.248143535562533
"N24",80,0.0283295167468033
"N24",81,0.0119764571427368
"N24",82,0.116278920144046
"N24",83,0.130127963488327
"N24",84,0.000624626758508384
"N24",85,0.289291717019275
"N24",86,0.154720403714442
"N24",87,0.00462342455700407
"N24",88,0.174480071746486
"N24",89,0.0406895773485303
"N24",90,0.10585785969019
"N24",91,0.0696162697277032
"N24",92,0.191462500660217
"N24",93,0.0129192496533506
"N24",94,0.093969789910467
"N24",95,0.301937820306298
"N24",96,0.0176507756696083
"N24",97,0.159269773046823
"N24",98,0.533670193965679
"N24",99,0.339937659663227
"N24",100,0.177108914115208
"N24",101,0.0233777486719191
"N24",102,0.0150548263775225
"N24",103,0.00391541049420004
"N24",104,0.0418133951619854
"N24",105,0.0010919685009867
"N24",106,0.00521134538576007
"N24",107,0.184715463303703
"N24",108,0.036254636477679
"N24",109,0.0632703663432039
"N24",110,0.348098512576122
"N24",111,0.0932528560462982
"N24",112,0.0154763359460048
"N24",113,0.349552536692951
"N24",114,0.00852523677578269
"N24",115,1.19751784950495e-05
"N24",116,0.0472321881097741
"N24",117,0.0651310571702197
"N24",118,0.134813904407771
"N24",119,0.10334256698318
"N24",120,0.121308349533343
"N24",121,0.251220625349063
"N24",122,0.445151011200443
"N24",123,0.021196976879404
"N24",124,0.102796552623699
"N24",125,0.118566104904154
"N24",126,0.160065144046387
"N24",127,0.0458866689587012
"N24",128,0.350353867725885
"N24",129,0.0657498472137377
"N24",130,0.17106606834043
"N24",131,0.0314562496992017
"N24",132,0.0408368613570929
"N24",133,0.0544468674343079
"N24",134,0.00244081154232845
"N24",135,0.127897526481526
"N24",136,0.0209426858508723
"N24",137,0.0955184322030857
"N24",138,0.0137406205324803
"N24",139,0.291494994421432
"N24",140,0.202268026638301
"N24",141,0.367419894763684
"N24",142,0.0289436853703014
"N24",143,0.122682048584671
"N24",144,0.166632589646021
"N24",145,0.0752551722689532
"N24",146,0.00672145007411018
"N24",147,0.0213459352380596
"N24",148,0.00643670978024602
"N24",149,0.0670484745060094
"N24",150,0.0038529941230081
"N24",151,0.0059928870191856
"N24",152,0.0219042735415174
"N24",153,0.0500836501170468
"N24",154,0.0126566750695929
"N24",155,0.0720806542085484
"N24",156,0.0482959864893928
"N24",157,0.371118532472706
"N24",158,0.0766316944500431
"N24",159,0.251981224155727
"N24",160,0.00792839426053375
"N24",161,0.110462266131641
"N24",162,0.105803486536594
"N24",163,0.0685270870453678
"N24",164,0.170979383396322
"N24",165,0.0110553878475912
"N24",166,0.0921344240936392
"N24",167,0.0176095077270537
"N24",168,0.0614497377537191
"N24",169,0.0448108727578074
"N24",170,0.0483515185187571
"N24",171,0.0140905462321825
"N24",172,0.0502591271692162
"N24",173,0.0585352673660964
"N24",174,0.00326261956096021
"N24",175,0.19596768914603
"N24",176,0.223620320426974
"N24",177,0.307061503392723
"N24",178,0.0318386186845601
"N24",179,0.0751732930075377
"N24",180,0.0674031249945983
"N24",181,0.0902814444393483
"N24",182,0.436017746452088
"N24",183,0.0120246087899432
"N24",184,0.00312329072039574
"N24",185,0.327306401024606
"N24",186,0.102181218675675
"N24",187,0.309372733564195
"N24",188,0.105717662585167
"N24",189,0.105819214013742
"N24",190,0.116003200522961
"N24",191,0.129520307180389
"N24",192,0.248961235851723
"N24",193,0.306030730139086
"N24",194,0.218084409822452
"N24",195,0.111191027882733
"N24",196,0.0183983667520806
"N24",197,0.0192550178532441
"N24",198,0.100545941683983
"N24",199,0.0725520799751393
"N24",200,0.0516325295902789
"N25",1,0.078730026667472
"N25",2,0.591220952442745
"N25",3,0.00572152192684055
"N25",4,0.0533269765437581
"N25",5,0.0142884065280668
"N25",6,0.497415155844584
"N25",7,0.225456822335674
"N25",8,0.143489385861102
"N25",9,0.00946211442351341
"N25",10,0.18285559535839
"N25",11,0.111263578403147
"N25",12,0.0484026108169928
"N25",13,0.18783484235287
"N25",14,0.0293706675292924
"N25",15,0.232732172579247
"N25",16,0.066408830403816
"N25",17,0.188208797065267
"N25",18,0.0258212286862545
"N25",19,0.139900804841296
"N25",20,0.0680920925806277
"N25",21,0.323558035058048
"N25",22,0.174227086118165
"N25",23,0.0223104728502221
"N25",24,0.0402560264919885
"N25",25,0.211366455632002
"N25",26,0.0645982939275896
"N25",27,0.0210801619290312
"N25",28,0.061600020271726
"N25",29,0.149536868552083
"N25",30,0.231935105276036
"N25",31,0.18586959199861
"N25",32,0.0515848644809245
"N25",33,0.0437142822192982
"N25",34,0.0248254961334169
"N25",35,0.125345840920395
"N25",36,0.0698047375772148
"N25",37,0.00280452948464004
"N25",38,0.138609020383434
"N25",39,0.0257896273978986
"N25",40,0.157754675247112
"N25",41,0.0872737016709164
"N25",42,0.0139556091162376
"N25",43,0.154752693715842
"N25",44,0.018576551694423
"N25",45,0.0109449768788181
"N25",46,0.149124682642856
"N25",47,0.0708814582278627
"N25",48,0.144366662129165
"N25",49,0.138440511067735
"N25",50,0.308681430977848
"N25",51,0.125758278414388
"N25",52,0.0638988236314617
"N25",53,0.13797822058607
"N25",54,0.101552542177366
"N25",55,0.217298455525863
"N25",56,0.0134275195726636
"N25",57,0.260448560335752
"N25",58,0.0439108486393896
"N25",59,0.0191657464019954
"N25",60,0.00195670374669829
"N25",61,0.219483983692455
"N25",62,0.350401278564191
"N25",63,0.165583701449783
"N25",64,0.477887616233722
"N25",65,0.0518091434496455
"N25",66,0.212727264257821
"N25",67,0.0552816549316049
"N25",68,0.131066612079145
"N25",69,0.00191057479241863
"N25",70,0.445194701405063
"N25",71,0.12446906347234
"N25",72,0.302143906460223
"N25",73,0.169407372823322
"N25",74,0.111789375281192
"N25",75,0.501109827982083
"N25",76,0.197412102007049
"N25",77,0.442396941335693
"N25",78,0.0715507239801809
"N25",79,0.0642938746605068
"N25",80,0.110836522997694
"N25",81,0.067745411011856
"N25",82,0.156011773850174
"N25",83,0.00770767279116218
"N25",84,0.123584610262168
"N25",85,0.0875492967845515
"N25",86,0.0943585599581973
"N25",87,0.464326147225107
"N25",88,0.0265504890703596
"N25",89,0.00961157359415665
"N25",90,0.0795995313092135
"N25",91,0.124437814340332
"N25",92,0.00946092118152823
"N25",93,0.0436803961056285
"N25",94,0.00163917153341714
"N25",95,0.0563078104751185
"N25",96,0.0890926524245754
"N25",97,0.287636701848351
"N25",98,0.10955102944829
"N25",99,0.000184200878720731
"N25",100,0.195635266358706
"N25",101,0.0491512734442949
"N25",102,0.0209528416744433
"N25",103,0.246037410096008
"N25",104,0.694807318928552
"N25",105,0.250924666634503
"N25",106,0.071930127334781
"N25",107,0.123450546426701
"N25",108,0.0655109073850326
"N25",109,0.108898785542102
"N25",110,0.257094423974606
"N25",111,0.225790955581445
"N25",112,0.250773061754856
"N25",113,0.00399759825086221
"N25",114,0.0987751367449403
"N25",115,0.43647692792286
"N25",116,0.106387434172781
"N25",117,0.0771668009692803
"N25",118,0.0350604287814349
"N25",119,0.063468205218669
"N25",120,0.0149904317071961
"N25",121,0.127239128297945
"N25",122,0.100942724611947
"N25",123,0.0670433943490374
"N25",124,0.00246859859908
"N25",125,0.0753772756434046
"N25",126,0.113306962530465
"N25",127,0.078972366405651
"N25",128,0.0379354932811111
"N25",129,0.134942512604745
"N25",130,0.0661063018487766
"N25",131,0.090400852374138
"N25",132,0.0343784139746079
"N25",133,0.158442112029867
"N25",134,0.110275840730743
"N25",135,0.237218572747636
"N25",136,0.0220188379049364
"N25",137,0.0979831327789308
"N25",138,0.00966094480827451
"N25",139,0.0129873409168795
"N25",140,0.0948587474360705
"N25",141,0.0784078978359836
"N25",142,0.336201342505482
"N25",143,0.171275169001298
"N25",144,0.319422126033422
"N25",145,0.00201843527611345
"N25",146,0.0662171593867242
"N25",147,0.00119694176828489
"N25",148,0.0835556597448885
"N25",149,0.0386905145132914
"N25",150,0.0458768472055077
"N25",151,0.0675365730421618
"N25",152,0.0265627487679012
"N25",153,0.151908904540938
"N25",154,0.265046421189871
"N25",155,0.149770701531658
"N25",156,0.0687232824857347
"N25",157,0.235169996019859
"N25",158,0.227819663927633
"N25",159,0.0190927225048654
"N25",160,0.114969645223401
"N25",161,0.0944166256785583
"N25",162,0.131065184710884
"N25",163,0.190478928255466
"N25",164,0.320173235504402
"N25",165,0.271867860791352
"N25",166,0.0293946631899969
"N25",167,0.0481847955379635
"N25",168,0.0816933324676938
"N25",169,0.0346496557277756
"N25",170,0.0898384671039478
"N25",171,0.159887284384446
"N25",172,0.0504769500694238
"N25",173,0.137609532097691
"N25",174,0.166130250780249
"N25",175,0.100446477527136
"N25",176,0.154709519114682
"N25",177,0.1308465575514
"N25",178,0.259473575268614
"N25",179,0.098797563093103
"N25",180,0.130118075520137
"N25",181,0.0490490854957689
"N25",182,0.226440449001941
"N25",183,0.176442822781022
"N25",184,0.163453600946219
"N25",185,0.0109744859850162
"N25",186,0.204213718174699
"N25",187,0.104247696304737
"N25",188,0.264097186022517
"N25",189,0.0556780371698551
"N25",190,0.192438522808927
"N25",191,0.0662943876232021
"N25",192,0.0828030509874225
"N25",193,0.0926589169247453
"N25",194,0.212394311279856
"N25",195,0.00109032384352759
"N25",196,0.035561973345466
"N25",197,0.0614645581808873
"N25",198,0.365728048899084
"N25",199,0.165307567798869
"N25",200,0.0287131226505153
"N26",1,0.101878584194201
"N26",2,0.128312478047169
"N26",3,0.071041505842004
"N26",4,0.29575359377366
"N26",5,0.0104425956378691
"N26",6,0.140221523073847
"N26",7,0.0164747787639499
"N26",8,0.253958213132548
"N26",9,0.122693300707603
"N26",10,0.0970384231716037
"N26",11,0.0699561063665897
"N26",12,0.030989033577498
"N26",13,0.285299888563421
"N26",14,0.130928413937205
"N26",15,0.63804320824382
"N26",16,0.00406964763533324
"N26",17,0.0719760732026771
"N26",18,0.0840945391682908
"N26",19,0.0751261623227037
"N26",20,0.0824327664449811
"N26",21,0.239282158425751
"N26",22,0.11940011975296
"N26",23,0.03602518240652
"N26",24,0.019595829337662
"N26",25,0.273030758198889
"N26",26,0.130483751656209
"N26",27,0.0891817889589459
"N26",28,0.103016440534876
"N26",29,0.189461175807494
"N26",30,0.273672557653007
"N26",31,0.0226252034190111
"N26",32,0.039226969529409
"N26",33,0.20830645620704
"N26",34,0.423850315601981
"N26",35,0.117934011150488
"N26",36,0.0635661642161413
"N26",37,0.117273051752114
"N26",38,0.138029766380192
"N26",39,0.0434959027334116
"N26",40,0.0123460425906906
"N26",41,0.0305367838707646
"N26",42,0.366850280300325
"N26",43,0.0149447646108456
"N26",44,0.0397902639815584
"N26",45,0.237553712727622
"N26",46,0.130303409876639
"N26",47,0.0782545557012782
"N26",48,0.0926277075940876
"N26",49,0.00732465722830966
"N26",50,0.22100078103945
"N26",51,0.0627939820688203
"N26",52,0.0851593753905036
"N26",53,0.0182289964772302
"N26",54,0.260705482897428
"N26",55,0.0281766399547519
"N26",56,0.127163841383868
"N26",57,0.0902830326178685
"N26",58,0.0122347206342965
"N26",59,0.279254641135302
"N26",60,0.061060741072289
"N26",61,0.308102017019954
"N26",62,0.0592768921051174
"N26",63,0.492751479821101
"N26",64,0.181951843657273
"N26",65,0.0221347339684144
"N26",66,0.24325283491633
"N26",67,0.130336008650636
"N26",68,0.0293832554256264
"N26",69,0.142375341029243
"N26",70,0.141333714238705
"N26",71,0.238756024268198
"N26",72,0.250384436676952
"N26",73,0.230654654082584
"N26",74,0.0934713259286821
"N26",75,0.0108684357165322
"N26",76,0.0674369779299013
"N26",77,0.00412454031175002
"N26",78,0.0381381692772031
"N26",79,0.0118595285430332
"N26",80,0.217831550854
"N26",81,0.413757240378714
"N26",82,0.0294722103280947
"N26",83,0.288383649857078
"N26",84,0.0391816487535834
"N26",85,0.151892924443224
"N26",86,0.0440668576494161
"N26",87,0.00724393235225723
"N26",88,0.859156993868998
"N26",89,0.0195146402651209
"N26",90,0.180418647846379
"N26",91,0.0197898993774286
"N26",92,0.000295134377665818
"N26",93,0.156804765452968
"N26",94,0.814532085878505
"N26",95,0.0223918455885723
"N26",96,0.0978649515556663
"N26",97,0.0752195671084337
"N26",98,0.124063543832346
"N26",99,0.00388955267977899
"N26",100,0.030447504715994
"N26",101,0.0278594610863365
"N26",102,0.0412767938105389
"N26",103,0.073781098034006
"N26",104,0.650562478425476
"N26",105,0.0292127276188694
"N26",106,0.0132857815146805
"N26",107,0.0209080574568361
"N26",108,0.320065567241363
"N26",109,0.162004939158784
"N26",110,0.257989283873442
"N26",111,0.15323446096793
"N26",112,0.0492686174111441
"N26",113,0.107459036301568
"N26",114,0.017103283375036
"N26",115,0.0909785015894784
"N26",116,0.0368226555002735
"N26",117,0.141448678094299
"N26",118,0.0778284393018112
"N26",119,0.143064642436208
"N26",120,0.281595884573725
"N26",121,0.0427849013940431
"N26",122,0.137004084647039
"N26",123,0.236972666567865
"N26",124,0.020664867238817
"N26",125,0.139866432169789
"N26",126,0.0586449692491442
"N26",127,0.0686196669703349
"N26",128,0.117373154842632
"N26",129,0.00870141422260314
"N26",130,0.0284889898649169
"N26",131,0.0984491095825672
"N26",132,0.451552671121255
"N26",133,0.0732199918711558
"N26",134,0.161627714749762
"N26",135,0.102852803277142
"N26",136,0.0432264911360107
"N26",137,0.0664386916905642
"N26",138,0.0229512593359686
"N26",139,0.104269733414391
"N26",140,0.223659434112462
"N26",141,0.110287194518347
"N26",142,0.0429486281354912
"N26",143,0.0459378460138113
"N26",144,0.198559248343784
"N26",145,0.166509425262326
"N26",146,0.0120227123843506
"N26",147,0.310937338965822
"N26",148,0.00947734536447861
"N26",149,0.00809481498130332
"N26",150,0.0177620483724399
"N26",151,0.0221744235190433
"N26",152,0.254886377825144
"N26",153,0.129098808736877
"N26",154,0.0145114006008953
"N26",155,0.015372526308056
"N26",156,0.263425457508382
"N26",157,0.442756605075494
"N26",158,0.153125292715068
"N26",159,0.0207984636200123
"N26",160,0.0679172438103706
"N26",161,0.108579272282647
"N26",162,0.481733101682514
"N26",163,0.154081899667496
"N26",164,0.0319895608699881
"N26",165,0.134678864846343
"N26",166,0.174952996310875
"N26",167,0.00870078301522881
"N26",168,0.181982858996227
"N26",169,0.446692994536653
"N26",170,0.0176419931231067
"N26",171,0.0527667186688632
"N26",172,0.0788450477994047
"N26",173,0.373717353658235
"N26",174,0.100919418502513
"N26",175,0.0161054043564945
"N26",176,0.0850947175640613
"N26",177,0.184000764264467
"N26",178,0.0786528050084598
"N26",179,0.142525234254414
"N26",180,0.0201901284162886
"N26",181,0.0108325060573407
"N26",182,0.177967648011375
"N26",183,0.345242222988126
"N26",184,0.182190976831678
"N26",185,0.0882837703631833
"N26",186,0.0605905201518908
"N26",187,0.288042560902503
"N26",188,0.368496268966651
"N26",189,0.0943541670742315
"N26",190,0.0283099978114478
"N26",191,0.00997921999078244
"N26",192,0.0277243529562838
"N26",193,0.162868944340722
"N26",194,0.426691911162293
"N26",195,0.0845441900892183
"N26",196,0.235343887925822
"N26",197,0.0423905747011304
"N26",198,0.00267016142606735
"N26",199,0.0233069161588455
"N26",200,0.0196231371373869
"N27",1,0.0143292651884735
"N27",2,0.30166564437848
"N27",3,0.0409544063005307
"N27",4,0.141031247899557
"N27",5,0.176064536904625
"N27",6,0.0338386640069075
"N27",7,0.230302484340541
"N27",8,0.0292299357824959
"N27",9,0.0033235345494598
"N27",10,0.288111482293497
"N27",11,0.0137467263266444
"N27",12,0.070055250369478
"N27",13,0.0807056332123466
"N27",14,0.0559372364290405
"N27",15,0.00735946870263075
"N27",16,0.0636303193168715
"N27",17,0.0499480135040358
"N27",18,0.0583142277318984
"N27",19,0.100293471007013
"N27",20,0.0313887833617628
"N27",21,0.104257661494763
"N27",22,0.00170070842249855
"N27",23,0.045660228759516
"N27",24,0.0417646276182495
"N27",25,0.0482740047737025
"N27",26,0.158222809894347
"N27",27,0.0349835429224186
"N27",28,0.281983724081037
"N27",29,0.00629331037634984
"N27",30,0.212577702938846
"N27",31,0.0118710240349174
"N27",32,0.0377300215186551
"N27",33,0.306984018285838
"N27",34,0.0109478327398198
"N27",35,0.202705628228116
"N27",36,0.053672666677793
"N27",37,0.176584884746674
"N27",38,0.116189692560657
"N27",39,0.217701756617728
"N27",40,0.23276845169715
"N27",41,0.416834609562016
"N27",42,0.175943661936301
"N27",43,0.0123477316228673
"N27",44,0.00154103571549058
"N27",45,0.0632802385371178
"N27",46,0.0212158114300109
"N27",47,0.0533327753655612
"N27",48,0.0499896689925419
"N27",49,0.175863601165549
"N27",50,0.0480499246651453
"N27",51,0.075198782607913
"N27",52,0.273503178455879
"N27",53,0.270842491400507
"N27",54,0.136715199094603
"N27",55,0.14950686180439
"N27",56,0.18663854963879
"N27",57,0.106729560919318
"N27",58,0.013852376075103
"N27",59,0.241768906813788
"N27",60,0.0412484967964701
"N27",61,0.0726779735996388
"N27",62,0.110063490819025
"N27",63,0.037144034053199
"N27",64,0.0282807135954499
"N27",65,0.0326482316847723
"N27",66,0.151199300418945
"N27",67,0.00574587064329535
"N27",68,0.08396783930948
"N27",69,0.0826271406258456
"N27",70,0.205677327689457
"N27",71,0.0313413241528906
"N27",72,0.0942606279806808
"N27",73,0.0082225121025031
"N27",74,0.0123512466670945
"N27",75,0.0183798945508897
"N27",76,0.0193637883639894
"N27",77,0.129959121806884
"N27",78,0.129820272255573
"N27",79,0.0411506604286842
"N27",80,0.0015116404379663
"N27",81,0.0741727650747634
"N27",82,0.0619909554370679
"N27",83,0.217334855104539
"N27",84,0.444551559837356
"N27",85,0.0365386547055095
"N27",86,0.409754918867207
"N27",87,0.0213264728081413
"N27",88,0.0233553490773568
"N27",89,0.450119579883114
"N27",90,0.0354621160076931
"N27",91,0.119696334115566
"N27",92,0.0211310314317509
"N27",93,0.392805765361941
"N27",94,0.0605165504384786
"N27",95,0.385205937528467
"N27",96,0.136913661490531
"N27",97,0.183005363437089
"N27",98,0.25885159963623
"N27",99,0.187286814585039
"N27",100,0.0123238135383254
"N27",101,0.181443088910285
"N27",102,0.391364924588657
"N27",103,0.172841454967262
"N27",104,0.0223519299586115
"N27",105,0.0297283440013416
"N27",106,0.0201937123078353
"N27",107,0.0297551847147211
"N27",108,0.000869411889384336
"N27",109,0.0522536346688867
"N27",110,0.274699615066019
"N27",111,0.0821987590170465
"N27",112,0.153789354948664
"N27",113,0.078156940813642
"N27",114,0.00736992218298838
"N27",115,0.00100114791474225
"N27",116,0.0960594369482728
"N27",117,0.00207506242441013
"N27",118,0.113246718642086
"N27",119,0.204959644692692
"N27",120,0.361846544758833
"N27",121,0.00141534629033606
"N27",122,0.153548603872174
"N27",123,0.0578198231523857
"N27",124,0.0402809405350126
"N27",125,0.0113144730093692
"N27",126,0.135224907188082
"N27",127,0.134952048067625
"N27",128,0.0557749406434596
"N27",129,0.137390243117103
"N27",130,0.660762770297501
"N27",131,0.017714986752253
"N27",132,0.0145114369224757
"N27",133,0.415833455489433
"N27",134,0.129186002299526
"N27",135,0.136744787212798
"N27",136,0.225307680190283
"N27",137,0.00677586917173514
"N27",138,0.179191688492059
"N27",139,0.0532128468039446
"N27",140,0.0476008032565005
"N27",141,0.0709799749619923
"N27",142,0.0374351744540036
"N27",143,0.062827667018902
"N27",144,0.0271492233732715
"N27",145,0.065688768401742
"N27",146,0.187213574991304
"N27",147,0.0276140114932715
"N27",148,0.121542460978368
"N27",149,0.28569625293027
"N27",150,0.161215333262795
"N27",151,0.0529549880884588
"N27",152,0.0472350568743423
"N27",153,0.0116622967761941
"N27",154,0.113957493493207
"N27",155,0.0253583190497011
"N27",156,0.297598667215342
"N27",157,0.158813446871342
"N27",158,0.028655419361045
"N27",159,0.310759728991506
"N27",160,0.122128108743915
"N27",161,0.0378772338094365
"N27",162,0.453010384560805
"N27",163,0.0957568080777006
"N27",164,0.107275821582049
"N27",165,0.110364496702665
"N27",166,0.018795516283717
"N27",167,0.251178547030988
"N27",168,0.0270498281996436
"N27",169,0.00930671149399132
"N27",170,0.142937490012834
"N27",171,0.188873257244679
"N27",172,0.0232342681528587
"N27",173,0.0136012573493645
"N27",174,0.0140003475022498
"N27",175,0.0914168391608263
"N27",176,0.202525053162801
"N27",177,0.0729099899181165
"N27",178,0.030002964194864
"N27",179,0.0312366503661953
"N27",180,0.0153598731849343
"N27",181,0.171687762480566
"N27",182,0.0324950474896468
"N27",183,0.117727204337122
"N27",184,0.00623920366759238
"N27",185,0.134045570072426
"N27",186,0.189488407213914
"N27",187,0.0126199724883448
"N27",188,0.0642643337186161
"N27",189,0.0382943449658342
"N27",190,0.00214840529952198
"N27",191,0.429073292596514
"N27",192,0.149671909277664
"N27",193,0.0471709783991396
"N27",194,0.023426444735378
"N27",195,0.0385739440403923
"N27",196,0.270906105527948
"N27",197,0.254878275551575
"N27",198,0.18200439516336
"N27",199,0.109845555455384
"N27",200,0.236488849612626
"N28",1,0.194187889563593
"N28",2,0.037251286395374
"N28",3,0.164490695403926
"N28",4,0.0383256361320066
"N28",5,0.279072101445016
"N28",6,0.0723230376024731
"N28",7,0.283047430900005
"N28",8,0.0138342013997695
"N28",9,0.31300207901102
"N28",10,0.215713545902374
"N28",11,0.0314655172987841
"N28",12,0.0408129866367633
"N28",13,0.189399512534608
"N28",14,0.0362594527873995
"N28",15,0.0103423201362602
"N28",16,0.140355955571273
"N28",17,0.00388037087395787
"N28",18,0.0361403170973063
"N28",19,0.0961398571909979
"N28",20,0.310543716636565
"N28",21,0.062769555428531
"N28",22,0.561984932484263
"N28",23,0.322024361913171
"N28",24,0.0340844716411084
"N28",25,0.104716538329946
"N28",26,0.0856362943886779
"N28",27,0.0643661662470549
"N28",28,0.011888880523666
"N28",29,0.334043798719612
"N28",30,0.0353659975226037
"N28",31,0.141573089984582
"N28",32,0.0748971450375393
"N28",33,0.082808023202233
"N28",34,0.321852442094204
"N28",35,0.0212199562811293
"N28",36,0.0956397971551508
"N28",37,0.130603900290431
"N28",38,0.282911901787484
"N28",39,0.189569434373382
"N28",40,0.0050206664182425
"N28",41,0.591033792557353
"N28",42,0.0142362963973992
"N28",43,0.315006981355217
"N28",44,0.129626084222537
"N28",45,0.110582099756563
"N28",46,0.0979281027050331
"N28",47,0.0461163755971938
"N28",48,0.0468994936090894
"N28",49,0.140729353525081
"N28",50,0.101488930866459
"N28",51,0.0104969470994547
"N28",52,0.0373431755579077
"N28",53,0.0483162371092476
"N28",54,0.174063578217877
"N28",55,0.41161431649462
"N28",56,0.140939460712822
"N28",57,0.0890780505135469
"N28",58,0.0873503800196216
"N28",59,0.0464452262385748
"N28",60,0.0302039357317105
"N28",61,0.405157748588777
"N28",62,0.14205308490839
"N28",63,0.147905790823849
"N28",64,0.0278904686941855
"N28",65,0.053484124597162
"N28",66,0.0902332827903687
"N28",67,0.128293244619784
"N28",68,0.0320658644777723
"N28",69,0.0248535174760036
"N28",70,0.140033827274443
"N28",71,0.0105390781125069
"N28",72,0.161192845315078
"N28",73,0.0903854640148223
"N28",74,0.020657807122916
"N28",75,0.0772859933786094
"N28",76,0.120882739057251
"N28",77,0.19497925810397
"N28",78,0.132792980861275
"N28",79,0.365315746494985
"N28",80,0.17567279126226
"N28",81,0.0126700217369944
"N28",82,0.0403754389262758
"N28",83,0.187300949114117
"N28",84,0.0188196293311194
"N28",85,0.222506879352707
"N28",86,0.0174764696857892
"N28",87,0.342411424716082
"N28",88,0.120817677578294
"N28",89,0.195870584797788
"N28",90,0.209557405429634
"N28",91,0.147258464940229
"N28",92,0.106430560228752
"N28",93,0.106765082239257
"N28",94,0.214984794236295
"N28",95,0.00016861901869035
"N28",96,0.00967018079245463
"N28",97,0.0892413556996092
"N28",98,0.307771737438706
"N28",99,0.0328730345936492
"N28",100,0.158708133613096
"N28",101,0.170260944980533
"N28",102,0.450783566312686
"N28",103,0.26937044666436
"N28",104,0.185739853641692
"N28",105,0.11704805411339
"N28",106,0.022949623351451
"N28",107,0.071873718930874
"N28",108,0.154487536399962
"N28",109,0.0398580675828271
"N28",110,0.0644696739614432
"N28",111,0.104860697867686
"N28",112,0.0594118022127077
"N28",113,0.0164018340292387
"N28",114,0.0410364299314097
"N28",115,0.0133271169433773
"N28",116,0.0641493371222168
"N28",117,0.0931414811330904
"N28",118,0.118820722209626
"N28",119,0.032685759186279
"N28",120,0.14033488081538
"N28",121,0.00907878892030567
"N28",122,0.0868457914277554
"N28",123,0.0611197340185754
"N28",124,0.0837843067711219
"N28",125,0.0551433574291877
"N28",126,0.185765067496035
"N28",127,0.0180866861483082
"N28",128,0.0586652033380233
"N28",129,0.014480049489066
"N28",130,0.0945451940012154
"N28",131,0.0715425357422591
"N28",132,0.0747144563938491
"N28",133,0.0105008388054557
"N28",134,0.0697261358371866
"N28",135,0.0568913256865926
"N28",136,0.0657929672743194
"N28",137,0.0308711477555335
"N28",138,0.0254842746653594
"N28",139,0.0724265919416212
"N28",140,0.145456372492246
"N28",141,0.0541605964227752
"N28",142,0.0652682675863616
"N28",143,0.0622313983515819
"N28",144,0.129501522862689
"N28",145,0.0988912654522449
"N28",146,0.0145133336191066
"N28",147,0.0240626114537008
"N28",148,0.0572634923737496
"N28",149,0.0148183456622064
"N28",150,0.28983970939469
"N28",151,0.219544372693835
"N28",152,0.066747548407875
"N28",153,0.00587336474563926
"N28",154,0.258799238119948
"N28",155,0.105476017453489
"N28",156,0.207730738202784
"N28",157,0.140224506231767
"N28",158,0.0414758051621209
"N28",159,0.117872158642264
"N28",160,0.163481964840891
"N28",161,0.0133940746891312
"N28",162,0.0437330874521716
"N28",163,0.125904658105561
"N28",164,0.0424017151817679
"N28",165,0.0862610423355363
"N28",166,0.172164514073508
"N28",167,0.172336888145061
"N28",168,0.00133571781948858
"N28",169,0.0618944584857672
"N28",170,0.186739245808863
"N28",171,0.367150942773974
"N28",172,0.136093940231355
"N28",173,0.22984700462662
"N28",174,0.0536365209845826
"N28",175,0.181951009044223
"N28",176,0.140355647652747
"N28",177,0.0251905252237206
"N28",178,0.204322913883928
"N28",179,0.100066000124776
"N28",180,0.0980653332569334
"N28",181,0.5430214353522
"N28",182,0.0123809044598602
"N28",183,0.398386034364614
"N28",184,0.567087637694711
"N28",185,0.113164639667496
"N28",186,0.0561681107501499
"N28",187,0.00332019160184027
"N28",188,0.236834549800235
"N28",189,0.0345588474301621
"N28",190,0.0204633823438553
"N28",191,0.15265801466942
"N28",192,0.165638911489083
"N28",193,0.120776081103237
"N28",194,0.431866994106627
"N28",195,0.0233306217711946
"N28",196,0.0611162174027413
"N28",197,0.105158791611174
"N28",198,0.143170586549082
"N28",199,0.122608273251486
"N28",200,0.0559463108656928
"N29",1,0.485610949547783
"N29",2,0.0504378692712635
"N29",3,0.177184205026108
"N29",4,0.13263383344222
"N29",5,0.0876794077869147
"N29",6,0.131851871841924
"N29",7,0.388196189866817
"N29",8,0.0616200378863141
"N29",9,0.147983802826481
"N29",10,0.0364055802347139
"N29",11,0.00866021819098105
"N29",12,0.0590383696835488
"N29",13,0.0184894381673075
"N29",14,0.200186527024975
"N29",15,0.147577996615482
"N29",16,0.00637824859829927
"N29",17,0.376310147087222
"N29",18,0.130678365062141
"N29",19,0.0635783587931655
"N29",20,0.044599040877074
"N29",21,0.0298809535452165
"N29",22,0.142790192788704
"N29",23,0.249253183592784
"N29",24,0.130102848867029
"N29",25,0.00431336818261654
"N29",26,0.0442212723428383
"N29",27,0.103375937202351
"N29",28,0.0479276339515629
"N29",29,0.0646830279729329
"N29",30,0.0342339256312698
"N29",31,0.227662033623758
"N29",32,0.107467495121831
"N29",33,0.324814712380138
"N29",34,0.00642969092011261
"N29",35,0.241363613622937
"N29",36,0.0248506217030808
"N29",37,0.054033633787185
"N29",38,0.0461558555947952
"N29",39,0.222857098084617
"N29",40,0.0931007235667968
"N29",41,0.0676017455407418
"N29",42,0.114749705144231
"N29",43,0.0427678847918287
"N29",44,0.0778616015450098
"N29",45,0.142938271159643
"N29",46,0.0400023009278812
"N29",47,0.565790621997947
"N29",48,0.00883441065169959
"N29",49,0.0175196232739836
"N29",50,0.1562746480778
"N29",51,0.23841741074689
"N29",52,0.00691539095744245
"N29",53,0.0202961437753402
"N29",54,0.32075260349689
"N29",55,0.00438429595607725
"N29",56,0.0690587320714258
"N29",57,0.0427392934798263
"N29",58,0.0874728607592357
"N29",59,0.024715916311834
"N29",60,0.101561122452246
"N29",61,0.0840728275361471
"N29",62,0.074983881204389
"N29",63,0.0989156330004401
"N29",64,0.00523394253104925
"N29",65,0.0451424720231444
"N29",66,0.0221858444274403
"N29",67,0.60156613072955
"N29",68,0.0058191898316338
"N29",69,0.0558803120511584
"N29",70,0.101739140035114
"N29",71,0.552521130504245
"N29",72,0.197229850095439
"N29",73,0.144883348834106
"N29",74,0.133789228852244
"N29",75,0.0799802237716938
"N29",76,0.0406002166564576
"N29",77,0.0655324644758366
"N29",78,0.0764009685954079
"N29",79,0.417792981469488
"N29",80,0.0423231299582161
"N29",81,0.0480063947034068
"N29",82,0.211736906309354
"N29",83,0.130837222090328
"N29",84,0.192559954699802
"N29",85,0.0868547486554474
"N29",86,0.0838864023680799
"N29",87,0.0587226736242883
"N29",88,0.13457611714896
"N29",89,0.0570778551627882
"N29",90,0.0596214837860316
"N29",91,0.0510172241483815
"N29",92,0.0905993579601512
"N29",93,0.0565113528838591
"N29",94,0.00088987612636742
"N29",95,0.227909305899987
"N29",96,0.253304527829143
"N29",97,0.187275676799113
"N29",98,0.0757709296303801
"N29",99,0.194289300580251
"N29",100,0.10210813092474
"N29",101,0.0618636882863939
"N29",102,0.305300153077659
"N29",103,0.0846771622309461
"N29",104,0.0259794080282191
"N29",105,0.121402391343714
"N29",106,0.00604267099996713
"N29",107,0.105639853625895
"N29",108,0.00461179785248127
"N29",109,0.318319261291143
"N29",110,0.113850297633895
"N29",111,0.171908047627063
"N29",112,0.278229277798054
"N29",113,0.228844602814618
"N29",114,0.0878491010289498
"N29",115,0.149936296156944
"N29",116,0.115954741877671
"N29",117,0.0486776118050329
"N29",118,0.470336016297968
"N29",119,0.405289012917733
"N29",120,0.0750997413997538
"N29",121,0.0253166595846904
"N29",122,0.0492226599017158
"N29",123,0.2886793322238
"N29",124,0.146154367243277
"N29",125,0.0445353357936256
"N29",126,0.286614833153558
"N29",127,0.0430799287860282
"N29",128,0.0628756179357879
"N29",129,0.00845506187761202
"N29",130,0.0930116400070131
"N29",131,0.194721327618438
"N29",132,0.351172523819952
"N29",133,0.0856573834898882
"N29",134,0.0634670294821262
"N29",135,0.642142189834759
"N29",136,0.185335734269653
"N29",137,0.22344793168709
"N29",138,0.163686697715299
"N29",139,0.0432852801750414
"N29",140,0.0400148671521169
"N29",141,0.151604240522125
"N29",142,0.762441646766841
"N29",143,0.173508714641187
"N29",144,0.0368474600836635
"N29",145,0.216910990761712
"N29",146,0.0471962787560187
"N29",147,0.0797322815051302
"N29",148,0.14762661448224
"N29",149,0.0349554465501569
"N29",150,0.0142360951867886
"N29",151,0.011706831632182
"N29",152,0.0368542338801477
"N29",153,0.221329618933353
"N29",154,0.00579558912012237
"N29",155,0.219213525094449
"N29",156,0.0582362105487846
"N29",157,0.0844417581101879
"N29",158,0.017096675975668
"N29",159,0.0365369256906748
"N29",160,0.377075988778329
"N29",161,0.460911870674983
"N29",162,0.678934400206977
"N29",163,0.0383386022876948
"N29",164,0.0723657262648703
"N29",165,0.0156973907141946
"N29",166,0.0256709659588523
"N29",167,0.150927280419843
"N29",168,0.174839354342523
"N29",169,0.000477407848013077
"N29",170,0.172040196013974
"N29",171,0.0066843605801488
"N29",172,0.0432178997434676
"N29",173,0.0785377066931687
"N29",174,0.0484586777747609
"N29",175,0.120406428463163
"N29",176,0.139393572352952
"N29",177,0.00459727400448173
"N29",178,0.398121189305043
"N29",179,0.0225307223736309
"N29",180,0.0614101633545943
"N29",181,0.101080329266435
"N29",182,0.266320447188881
"N29",183,0.0222101599663926
"N29",184,0.0775832550716586
"N29",185,0.126058055548334
"N29",186,0.0832353236619383
"N29",187,0.0438081728061661
"N29",188,0.0736074480228126
"N29",189,0.100371472244707
"N29",190,0.273575978104096
"N29",191,0.282644043994128
"N29",192,0.178123054721382
"N29",193,0.00785233437497311
"N29",194,0.122688931524159
"N29",195,0.12603727611188
"N29",196,0.0291979641187936
"N29",197,0.0491884892107919
"N29",198,0.107477281583235
"N29",199,0.0108562223031186
"N29",200,0.104986281537987
"N30",1,0.0128137196297757
"N30",2,0.524800172509784
"N30",3,0.017146389815025
"N30",4,0.432130121604955
"N30",5,0.0915412567388936
"N30",6,0.107655428344721
"N30",7,0.00285491376416758
"N30",8,0.0395673018065281
"N30",9,0.10508722890522
"N30",10,0.135496492493389
"N30",11,0.335396122870114
"N30",12,0.0295316018746234
"N30",13,0.0160375213599764
"N30",14,0.106121726450481
"N30",15,0.170016285026783
"N30",16,0.111198615859599
"N30",17,0.295608306055036
"N30",18,0.167139446357602
"N30",19,0.324083527301706
"N30",20,0.450445208588522
"N30",21,0.0378230860223994
"N30",22,0.478014713825479
"N30",23,0.0240062892553397
"N30",24,0.00355791079346091
"N30",25,0.120595467548283
"N30",26,0.529041992934579
"N30",27,0.0974683847313187
"N30",28,0.0134942847653292
"N30",29,0.293021343106723
"N30",30,0.337800489024338
"N30",31,0.011476218864652
"N30",32,0.101094174946447
"N30",33,0.00960319727892056
"N30",34,0.0720398422563449
"N30",35,0.177830671881068
"N30",36,0.00518378760898486
"N30",37,0.0069128330796957
"N30",38,0.0718752223340232
"N30",39,0.0430951648158953
"N30",40,0.100312448436752
"N30",41,0.28679061376777
"N30",42,0.0311371454460011
"N30",43,0.235808215326372
"N30",44,0.105536784272978
"N30",45,0.105360257563465
"N30",46,0.119464921643363
"N30",47,0.0768497755634598
"N30",48,0.288155583881852
"N30",49,0.0305669398512691
"N30",50,0.109421374433647
"N30",51,0.0857569858198985
"N30",52,0.153354728589171
"N30",53,0.168861196021886
"N30",54,0.0603439452825114
"N30",55,0.0425441046245396
"N30",56,0.16569579753034
"N30",57,0.14310359651629
"N30",58,0.138249919777009
"N30",59,0.00207898772241922
"N30",60,0.222052121025275
"N30",61,0.0798419103375636
"N30",62,0.0649809215101413
"N30",63,0.115336417331697
"N30",64,0.0396041281055659
"N30",65,0.0083603694952072
"N30",66,0.103922381642611
"N30",67,0.00685855984920636
"N30",68,0.0150149138681698
"N30",69,0.0337545375223272
"N30",70,0.12627694743626
"N30",71,0.310679714412507
"N30",72,0.0228326987285992
"N30",73,0.0666990916361101
"N30",74,0.0409442962263711
"N30",75,0.347033551873124
"N30",76,0.244711684518236
"N30",77,0.455028103355263
"N30",78,0.00252856338103254
"N30",79,0.0290642163599841
"N30",80,0.066298675024882
"N30",81,0.333289528948334
"N30",82,0.25574898229793
"N30",83,0.0104374378348946
"N30",84,0.00108054309384897
"N30",85,0.0825004516518675
"N30",86,0.0234253044473007
"N30",87,0.0788926397799514
"N30",88,0.0922018189396352
"N30",89,0.496240540148512
"N30",90,0.0281564849735077
"N30",91,0.682156248214218
"N30",92,0.161951455515215
"N30",93,0.0517654594732448
"N30",94,0.00345390674192458
"N30",95,0.0285637031192891
"N30",96,0.230682459382677
"N30",97,0.116405981587583
"N30",98,0.0679061898845248
"N30",99,0.10532022772656
"N30",100,0.156844066101463
"N30",101,0.282017265663561
"N30",102,0.254341111973602
"N30",103,0.0114683499905619
"N30",104,0.0922257431031779
"N30",105,0.0733744352473877
"N30",106,0.00189861503895372
"N30",107,0.0907514388620496
"N30",108,0.0195810775039718
"N30",109,0.0107547678053379
"N30",110,0.065751816960983
"N30",111,0.0686274115578271
"N30",112,0.218907824241298
"N30",113,0.0550268790102564
"N30",114,0.0521830555517226
"N30",115,0.196405368613753
"N30",116,0.102922400920057
"N30",117,0.00691935542235228
"N30",118,0.0225988749298267
"N30",119,0.75492055523665
"N30",120,0.136853699451219
"N30",121,0.0205703874817118
"N30",122,0.0202799252583645
"N30",123,0.0376906413002871
"N30",124,0.0283958012662411
"N30",125,0.0857786604319699
"N30",126,0.0409950251152932
"N30",127,0.077803740859963
"N30",128,0.183900911928399
"N30",129,0.0047020959287467
"N30",130,0.1135909169627
"N30",131,0.180515320101009
"N30",132,0.144120623352343
"N30",133,0.259260489827696
"N30",134,0.400018994675434
"N30",135,0.235873130372468
"N30",136,0.0150520778141882
"N30",137,0.00515281280968338
"N30",138,0.0301361648016609
"N30",139,0.00470496050547808
"N30",140,0.0128541286685504
"N30",141,0.1295614476496
"N30",142,0.0958325136001621
"N30",143,0.0921896927340284
"N30",144,0.137442120264963
"N30",145,0.10475125919968
"N30",146,0.117111613794933
"N30",147,0.276662391827521
"N30",148,0.0409364680526778
"N30",149,0.093685003541011
"N30",150,0.035226640116889
"N30",151,0.016473967640195
"N30",152,0.409282823072231
"N30",153,0.0755275239353068
"N30",154,0.343005430636075
"N30",155,0.0142335508717224
"N30",156,0.00194087501721468
"N30",157,0.234344190441746
"N30",158,0.157743890648113
"N30",159,0.26183973274481
"N30",160,0.0205840389244258
"N30",161,0.0784537919098511
"N30",162,0.0130165474256501
"N30",163,0.145112295047717
"N30",164,0.150116955041291
"N30",165,0.114119251719081
"N30",166,0.101885985069342
"N30",167,0.0446795302559622
"N30",168,0.05672987079015
"N30",169,0.174414913535895
"N30",170,0.00711122632492334
"N30",171,0.00261326751925995
"N30",172,0.133187227877194
"N30",173,0.139299881755711
"N30",174,0.045175124250818
"N30",175,0.142347085750067
"N30",176,0.052709472249262
"N30",177,0.123990059948242
"N30",178,0.0314130050954315
"N30",179,0.337199996442613
"N30",180,0.000376595882698894
"N30",181,0.0613816579570994
"N30",182,0.00285542351801712
"N30",183,0.19722983589277
"N30",184,0.232805566153231
"N30",185,0.0134903196695637
"N30",186,0.443116443903938
"N30",187,0.282923526347694
"N30",188,0.0539981448091567
"N30",189,0.210347669421437
"N30",190,0.0703517402871512
"N30",191,0.0840850836248137
"N30",192,0.0800194823532365
"N30",193,0.172655366006644
"N30",194,0.135113874172048
"N30",195,0.543952485980624
"N30",196,0.00696592358872294
"N30",197,0.666951677026722
"N30",198,0.542165110321874
"N30",199,0.0593389177811332
"N30",200,0.00586405850481242
